order_id,region,market,booked_month,mw,order_value,expected_conversion,actual_conversion,slip_months,reason,material_at_risk
NX-00848,LATAM,LATAM,2025-12-01,65.6,5182400.0,2026-09-01,2026-12-01,2.91,schedule slip,3886800.0
NX-00767,North America,US / Canada,2025-11-01,47.1,3909300.0,2026-03-01,2026-05-01,2.19,schedule slip,2931975.0
NX-00760,LATAM,LATAM,2025-10-01,48.7,3847300.0,2026-01-01,2027-02-01,12.83,schedule slip,2885475.0
NX-00446,APAC,Australia/SEA,2025-02-01,43.6,3662400.0,2026-02-01,2026-06-01,4.39,schedule slip,2746800.0
NX-00074,North America,US / Canada,2024-03-01,43.1,3577300.0,2024-11-01,2025-04-01,4.89,schedule slip,2682975.0
NX-00441,EMEA,Europe,2025-02-01,40.3,3546399.9999999995,2026-01-01,2026-09-01,8.03,schedule slip,2659799.9999999995
NX-00713,APAC,India,2025-09-01,49.5,3514500.0,2026-04-01,2026-11-01,7.05,schedule slip,2635875.0
NX-00599,EMEA,MENA,2025-06-01,42.6,3450600.0,2025-11-01,,6.11,cancelled,2587950.0
NX-00436,North America,US / Canada,2025-02-01,40.0,3320000.0,2025-10-01,2026-02-01,4.11,schedule slip,2490000.0
NX-00158,North America,US / Canada,2024-05-01,39.4,3270200.0,2024-12-01,,0.69,cancelled,2452650.0
NX-00491,LATAM,LATAM,2025-03-01,40.9,3231100.0,2026-03-01,2027-06-01,14.94,schedule slip,2423325.0
NX-00817,North America,US / Canada,2025-12-01,37.7,3129100.0000000005,2026-07-01,2026-09-01,2.19,schedule slip,2346825.0000000005
NX-00440,EMEA,Europe,2025-02-01,35.5,3124000.0,2025-10-01,2026-01-01,2.83,schedule slip,2343000.0
NX-00132,EMEA,MENA,2024-04-01,37.1,3005100.0,2024-12-01,2025-05-01,4.63,schedule slip,2253825.0
NX-00019,EMEA,MENA,2024-01-01,36.2,2932200.0,2025-01-01,,0.09,cancelled,2199150.0
NX-00638,EMEA,MENA,2025-07-01,34.7,2810700.0,2026-04-01,,0.13,cancelled,2108025.0
NX-00605,LATAM,LATAM,2025-06-01,34.3,2709700.0,2026-01-01,2026-05-01,3.61,schedule slip,2032275.0
NX-00639,APAC,Australia/SEA,2025-07-01,31.7,2662800.0,2026-04-01,2026-08-01,4.27,schedule slip,1997100.0
NX-00202,APAC,Australia/SEA,2024-06-01,30.4,2553600.0,2025-01-01,,0.02,cancelled,1915200.0
NX-00544,North America,US / Canada,2025-05-01,29.0,2407000.0,2025-07-01,2026-04-01,9.28,schedule slip,1805250.0
NX-00616,North America,US / Canada,2025-07-01,28.9,2398700.0,2025-11-01,2026-03-01,3.64,schedule slip,1799025.0
NX-00705,EMEA,Europe,2025-09-01,27.0,2376000.0,2026-01-01,2026-07-01,6.49,schedule slip,1782000.0
NX-00754,EMEA,MENA,2025-10-01,28.6,2316600.0,2026-02-01,,0.33,cancelled,1737450.0
NX-00795,North America,US / Canada,2025-11-01,27.7,2299100.0,2027-01-01,,0.37,cancelled,1724325.0
NX-00135,APAC,Australia/SEA,2024-04-01,27.3,2293200.0,2024-07-01,2025-01-01,6.49,schedule slip,1719900.0
NX-00604,APAC,Australia/SEA,2025-06-01,26.4,2217600.0,2026-03-01,2026-07-01,3.54,schedule slip,1663200.0
NX-00123,North America,US / Canada,2024-04-01,26.3,2182900.0,2024-09-01,2025-03-01,5.73,schedule slip,1637175.0
NX-00196,EMEA,Europe,2024-06-01,24.8,2182400.0,2024-09-01,,0.84,cancelled,1636800.0
NX-00303,North America,US / Canada,2024-10-01,25.8,2141400.0,2025-05-01,,0.2,cancelled,1606050.0
NX-00798,EMEA,Europe,2025-11-01,23.3,2050400.0,2026-06-01,2026-08-01,2.11,schedule slip,1537800.0
NX-00204,LATAM,LATAM,2024-06-01,25.5,2014500.0,2024-08-01,2025-04-01,8.39,schedule slip,1510875.0
NX-00551,North America,US / Canada,2025-05-01,24.2,2008600.0,2026-06-01,2026-09-01,2.88,schedule slip,1506450.0
NX-00646,North America,US / Canada,2025-08-01,22.6,1875800.0000000002,2026-01-01,2026-03-01,2.31,schedule slip,1406850.0000000002
NX-00608,North America,US / Canada,2025-07-01,22.2,1842600.0,2026-08-01,2027-01-01,5.14,schedule slip,1381950.0
NX-00644,LATAM,LATAM,2025-07-01,23.3,1840700.0,2025-10-01,2026-09-01,11.21,schedule slip,1380525.0
NX-00682,LATAM,LATAM,2025-08-01,23.2,1832800.0,2026-12-01,2027-05-01,4.51,schedule slip,1374600.0
NX-00372,EMEA,MENA,2024-12-01,22.1,1790100.0,2025-06-01,2025-10-01,3.84,schedule slip,1342575.0
NX-00643,LATAM,LATAM,2025-07-01,21.9,1730100.0,2026-04-01,2026-09-01,4.52,schedule slip,1297575.0
NX-00013,EMEA,Europe,2024-01-01,19.0,1672000.0,2024-12-01,2025-07-01,6.8,schedule slip,1254000.0
NX-00820,North America,US / Canada,2025-12-01,19.9,1651699.9999999998,2026-07-01,2026-10-01,2.57,schedule slip,1238774.9999999998
NX-00464,North America,US / Canada,2025-03-01,19.9,1651699.9999999998,2025-11-01,2026-02-01,2.93,schedule slip,1238774.9999999998
NX-00406,LATAM,LATAM,2025-01-01,20.9,1651100.0,2025-10-01,2026-01-01,2.91,schedule slip,1238325.0
NX-00351,APAC,India,2024-11-01,23.0,1633000.0,2025-09-01,2025-12-01,3.03,schedule slip,1224750.0
NX-00745,North America,US / Canada,2025-10-01,19.5,1618500.0,2026-05-01,2026-09-01,4.32,schedule slip,1213875.0
NX-00806,APAC,Australia/SEA,2025-11-01,19.2,1612800.0,2026-04-01,2026-08-01,4.12,schedule slip,1209600.0
NX-00841,EMEA,MENA,2025-12-01,19.8,1603800.0,2026-10-01,2026-12-01,2.05,schedule slip,1202850.0
NX-00714,APAC,India,2025-09-01,22.1,1569100.0,2026-12-01,2027-02-01,2.25,schedule slip,1176825.0
NX-00205,LATAM,LATAM,2024-06-01,19.6,1548400.0,2025-05-01,2025-11-01,6.36,schedule slip,1161300.0
NX-00569,LATAM,LATAM,2025-05-01,19.3,1524700.0,2026-03-01,2026-07-01,3.58,schedule slip,1143525.0
NX-00503,North America,US / Canada,2025-04-01,18.3,1518900.0,2025-09-01,2025-12-01,3.07,schedule slip,1139175.0
NX-00632,EMEA,Europe,2025-07-01,17.2,1513600.0,2026-02-01,2026-06-01,3.82,schedule slip,1135200.0
NX-00057,APAC,India,2024-02-01,21.3,1512300.0,2024-10-01,,20.23,cancelled,1134225.0
NX-00486,EMEA,MENA,2025-03-01,18.1,1466100.0,2026-08-01,2027-08-01,11.55,schedule slip,1099575.0
NX-00096,North America,US / Canada,2024-04-01,17.5,1452500.0,2024-10-01,2024-12-01,2.47,schedule slip,1089375.0
NX-00353,LATAM,LATAM,2024-11-01,18.3,1445700.0,2025-10-01,,0.13,cancelled,1084275.0
NX-00671,North America,US / Canada,2025-08-01,16.9,1402699.9999999998,2026-06-01,2026-09-01,2.65,schedule slip,1052024.9999999998
NX-00528,EMEA,Europe,2025-04-01,15.7,1381600.0,2025-09-01,2026-02-01,4.92,schedule slip,1036200.0
NX-00023,APAC,India,2024-01-01,19.3,1370300.0,2025-01-01,2026-07-01,18.15,schedule slip,1027725.0
NX-00041,North America,US / Canada,2024-02-01,16.5,1369500.0,2024-07-01,2024-09-01,2.37,schedule slip,1027125.0
NX-00518,North America,US / Canada,2025-04-01,16.4,1361199.9999999998,2026-03-01,2026-06-01,3.31,schedule slip,1020899.9999999998
NX-00447,LATAM,LATAM,2025-02-01,17.1,1350900.0,2025-07-01,2025-10-01,2.78,schedule slip,1013175.0
NX-00389,North America,US / Canada,2025-01-01,16.2,1344600.0,2025-06-01,2025-09-01,3.08,schedule slip,1008450.0
NX-00021,APAC,India,2024-01-01,18.9,1341900.0,2024-03-01,2025-11-01,20.04,schedule slip,1006425.0
NX-00261,EMEA,MENA,2024-08-01,16.5,1336500.0,2025-01-01,2025-03-01,2.3,schedule slip,1002375.0
NX-00683,LATAM,LATAM,2025-08-01,16.9,1335100.0,2026-10-01,,0.37,cancelled,1001325.0
NX-00408,LATAM,LATAM,2025-01-01,16.4,1295600.0,2025-06-01,2025-10-01,4.08,schedule slip,971700.0
NX-00232,APAC,Australia/SEA,2024-07-01,14.6,1226400.0,2025-03-01,2025-05-01,2.11,schedule slip,919800.0
NX-00498,North America,US / Canada,2025-04-01,14.7,1220100.0,2025-10-01,2026-01-01,2.99,schedule slip,915075.0
NX-00450,North America,US / Canada,2025-03-01,14.4,1195200.0,2025-08-01,2025-11-01,2.72,schedule slip,896400.0
NX-00782,North America,US / Canada,2025-11-01,14.4,1195200.0,2026-11-01,2027-04-01,5.38,schedule slip,896400.0
NX-00488,APAC,India,2025-03-01,16.8,1192800.0,2026-01-01,2026-07-01,5.85,schedule slip,894600.0
NX-00038,North America,US / Canada,2024-02-01,14.3,1186900.0,2024-09-01,2025-04-01,6.97,schedule slip,890175.0
NX-00662,North America,US / Canada,2025-08-01,14.1,1170300.0,2026-02-01,,0.04,cancelled,877725.0
NX-00136,LATAM,LATAM,2024-04-01,14.6,1153400.0,2025-03-01,2026-08-01,16.53,schedule slip,865050.0
NX-00374,APAC,India,2024-12-01,16.0,1136000.0,2025-07-01,2027-02-01,18.61,schedule slip,852000.0
NX-00349,EMEA,MENA,2024-11-01,13.9,1125900.0,2025-08-01,2025-12-01,4.48,schedule slip,844425.0
NX-00291,APAC,India,2024-09-01,15.8,1121800.0,2025-08-01,2025-10-01,2.14,schedule slip,841350.0
NX-00259,EMEA,Europe,2024-08-01,12.7,1117600.0,2026-02-01,2026-07-01,5.01,schedule slip,838200.0
NX-00435,North America,US / Canada,2025-02-01,13.2,1095600.0,2025-10-01,2026-04-01,6.22,schedule slip,821700.0
NX-00618,North America,US / Canada,2025-07-01,12.7,1054100.0,2026-05-01,2026-07-01,2.28,schedule slip,790575.0
NX-00844,APAC,India,2025-12-01,14.8,1050800.0,2026-05-01,2027-11-01,18.43,schedule slip,788100.0
NX-00008,North America,US / Canada,2024-01-01,12.5,1037500.0,2024-06-01,2024-09-01,3.42,schedule slip,778125.0
NX-00840,EMEA,MENA,2025-12-01,12.8,1036800.0,2026-04-01,2026-09-01,4.56,schedule slip,777600.0
NX-00487,EMEA,MENA,2025-03-01,12.5,1012500.0,2026-01-01,2026-04-01,2.8,schedule slip,759375.0
NX-00289,EMEA,MENA,2024-09-01,12.4,1004400.0,2025-05-01,2025-09-01,3.83,schedule slip,753300.0
NX-00572,North America,US / Canada,2025-06-01,12.1,1004300.0,2025-12-01,2026-04-01,4.21,schedule slip,753225.0
NX-00172,LATAM,LATAM,2024-05-01,12.7,1003300.0,2025-01-01,2025-07-01,6.16,schedule slip,752475.0
NX-00199,EMEA,Europe,2024-06-01,11.3,994400.0000000001,2025-06-01,2025-12-01,6.45,schedule slip,745800.0000000001
NX-00805,APAC,India,2025-11-01,14.0,994000.0,2026-05-01,2028-01-01,20.46,schedule slip,745500.0
NX-00294,LATAM,LATAM,2024-09-01,12.5,987500.0,2025-05-01,,0.2,cancelled,740625.0
NX-00350,APAC,India,2024-11-01,13.9,986900.0,2025-05-01,2026-06-01,13.14,schedule slip,740175.0
NX-00566,APAC,India,2025-05-01,13.6,965600.0,2026-05-01,2026-08-01,3.21,schedule slip,724200.0
NX-00677,EMEA,MENA,2025-08-01,11.8,955800.0,2025-12-01,2026-04-01,4.44,schedule slip,716850.0
NX-00800,EMEA,Europe,2025-11-01,10.7,941599.9999999999,2026-09-01,2026-12-01,3.36,schedule slip,706199.9999999999
NX-00649,North America,US / Canada,2025-08-01,11.3,937900.0000000001,2026-04-01,,0.03,cancelled,703425.0000000001
NX-00059,LATAM,LATAM,2024-02-01,11.8,932200.0,2024-08-01,2024-12-01,3.54,schedule slip,699150.0
NX-00633,EMEA,Europe,2025-07-01,10.5,924000.0,2026-03-01,2026-05-01,2.06,schedule slip,693000.0
NX-00116,North America,US / Canada,2024-04-01,11.0,913000.0,2024-07-01,2024-10-01,2.72,schedule slip,684750.0
NX-00003,North America,US / Canada,2024-01-01,10.8,896400.0000000001,2024-06-01,2024-09-01,2.58,schedule slip,672300.0000000001
NX-00587,North America,US / Canada,2025-06-01,10.7,888099.9999999999,2027-04-01,2027-06-01,2.02,schedule slip,666074.9999999999
NX-00310,North America,US / Canada,2024-10-01,10.3,854900.0000000001,2025-04-01,2025-06-01,2.13,schedule slip,641175.0000000001
NX-00493,LATAM,LATAM,2025-03-01,10.6,837400.0,2025-08-01,,0.23,cancelled,628050.0
NX-00233,APAC,Australia/SEA,2024-07-01,9.7,814799.9999999999,2024-10-01,2025-01-01,3.36,schedule slip,611099.9999999999
NX-00758,APAC,Australia/SEA,2025-10-01,9.6,806400.0,2026-03-01,2026-06-01,2.87,schedule slip,604800.0
NX-00265,APAC,India,2024-08-01,11.2,795200.0,2025-03-01,2025-06-01,2.79,schedule slip,596400.0
NX-00846,LATAM,LATAM,2025-12-01,9.9,782100.0,2026-05-01,2026-08-01,3.32,schedule slip,586575.0
NX-00405,APAC,India,2025-01-01,10.7,759700.0,2025-12-01,2026-10-01,10.08,schedule slip,569775.0
NX-00297,LATAM,LATAM,2024-09-01,9.6,758400.0,2025-04-01,2025-06-01,2.33,schedule slip,568800.0
NX-00095,LATAM,LATAM,2024-03-01,9.4,742600.0,2025-08-01,2025-11-01,3.24,schedule slip,556950.0
NX-00723,North America,US / Canada,2025-10-01,8.8,730400.0000000001,2026-04-01,2027-01-01,8.63,schedule slip,547800.0000000001
NX-00290,APAC,India,2024-09-01,10.2,724200.0,2025-05-01,2025-08-01,3.12,schedule slip,543150.0
NX-00421,North America,US / Canada,2025-02-01,8.5,705500.0,2025-07-01,,2.39,cancelled,529125.0
NX-00324,EMEA,MENA,2024-10-01,8.6,696600.0,2025-04-01,2025-08-01,3.57,schedule slip,522450.0
NX-00045,North America,US / Canada,2024-02-01,8.2,680599.9999999999,2025-01-01,2025-04-01,3.04,schedule slip,510449.9999999999
NX-00375,LATAM,LATAM,2024-12-01,8.6,679400.0,2025-09-01,2026-01-01,3.92,schedule slip,509550.0
NX-00264,APAC,India,2024-08-01,9.5,674500.0,2025-12-01,2026-05-01,5.22,schedule slip,505875.0
NX-00635,EMEA,MENA,2025-07-01,8.3,672300.0,2027-03-01,2027-09-01,5.75,schedule slip,504225.0
NX-00711,EMEA,MENA,2025-09-01,8.3,672300.0,2026-03-01,2026-09-01,5.68,schedule slip,504225.0
NX-00720,LATAM,LATAM,2025-09-01,8.3,655700.0,2026-02-01,2026-05-01,2.85,schedule slip,491775.0
NX-00432,North America,US / Canada,2025-02-01,7.8,647400.0,2025-07-01,2025-09-01,2.2,schedule slip,485550.0
NX-00323,EMEA,MENA,2024-10-01,7.7,623700.0,2025-08-01,2026-01-01,5.11,schedule slip,467775.0
NX-00777,North America,US / Canada,2025-11-01,7.5,622500.0,2026-05-01,2026-08-01,3.3,schedule slip,466875.0
NX-00809,LATAM,LATAM,2025-11-01,7.8,616200.0,2026-05-01,2026-11-01,5.9,schedule slip,462150.0
NX-00152,North America,US / Canada,2024-05-01,7.4,614200.0,2025-05-01,,0.64,cancelled,460650.0
NX-00750,North America,US / Canada,2025-10-01,7.3,605900.0,2026-06-01,2026-11-01,5.08,schedule slip,454425.0
NX-00267,LATAM,LATAM,2024-08-01,7.5,592500.0,2025-03-01,2025-08-01,4.83,schedule slip,444375.0
NX-00409,LATAM,LATAM,2025-01-01,7.5,592500.0,2025-09-01,2025-12-01,2.6,schedule slip,444375.0
NX-00271,North America,US / Canada,2024-09-01,7.0,581000.0,2025-07-01,,0.49,cancelled,435750.0
NX-00480,EMEA,Europe,2025-03-01,6.6,580800.0,2025-04-01,2025-07-01,2.89,schedule slip,435600.0
NX-00449,LATAM,LATAM,2025-02-01,7.1,560900.0,2025-11-01,2026-05-01,5.61,schedule slip,420675.0
NX-00755,APAC,India,2025-10-01,7.8,553800.0,2026-03-01,,0.03,cancelled,415350.0
NX-00398,EMEA,Europe,2025-01-01,6.0,528000.0,2025-11-01,2026-03-01,3.97,schedule slip,396000.0
NX-00130,EMEA,Europe,2024-04-01,5.9,519200.00000000006,2024-07-01,,0.88,cancelled,389400.00000000006
NX-00790,North America,US / Canada,2025-11-01,6.2,514600.0,2026-02-01,2026-10-01,8.09,schedule slip,385950.0
NX-00058,LATAM,LATAM,2024-02-01,6.4,505600.0,2024-05-01,2025-02-01,8.66,schedule slip,379200.0
NX-00103,North America,US / Canada,2024-04-01,5.7,473100.0,2025-12-01,2026-03-01,3.28,schedule slip,354825.0
NX-00234,LATAM,LATAM,2024-07-01,5.9,466100.0,2025-03-01,2025-05-01,2.02,schedule slip,349575.0
NX-00225,EMEA,Europe,2024-07-01,5.2,457600.0,2024-10-01,2025-02-01,4.29,schedule slip,343200.0
NX-00757,APAC,India,2025-10-01,6.3,447300.0,2026-02-01,2026-09-01,7.25,schedule slip,335475.0
NX-00228,EMEA,MENA,2024-07-01,5.3,429300.0,2025-12-01,2027-04-01,16.02,schedule slip,321975.0
NX-00803,APAC,India,2025-11-01,6.0,426000.0,2027-11-01,2028-03-01,4.21,schedule slip,319500.0
NX-00110,North America,US / Canada,2024-04-01,5.1,423299.99999999994,2024-07-01,2025-01-01,6.26,schedule slip,317474.99999999994
NX-00088,EMEA,MENA,2024-03-01,5.1,413100.0,2024-07-01,2024-12-01,4.69,schedule slip,309825.0
NX-00322,EMEA,Europe,2024-10-01,4.6,404799.99999999994,2025-03-01,2025-07-01,4.15,schedule slip,303599.99999999994
NX-00768,North America,US / Canada,2025-11-01,4.8,398400.0,2027-05-01,2027-08-01,3.07,schedule slip,298800.0
NX-00555,North America,US / Canada,2025-05-01,4.6,381799.99999999994,2026-11-01,2027-01-01,2.35,schedule slip,286349.99999999994
NX-00195,EMEA,Europe,2024-06-01,4.0,352000.0,2024-12-01,2025-02-01,2.05,schedule slip,264000.0
NX-00721,North America,US / Canada,2025-10-01,4.2,348600.0,2026-05-01,,0.0,cancelled,261450.0
NX-00578,North America,US / Canada,2025-06-01,3.9,323700.0,2026-01-01,2026-04-01,3.46,schedule slip,242775.0
NX-00684,North America,US / Canada,2025-09-01,3.6,298800.0,2026-04-01,2026-06-01,2.09,schedule slip,224100.0
NX-00802,EMEA,MENA,2025-11-01,3.6,291600.0,2026-07-01,2027-03-01,7.6,schedule slip,218700.0
NX-00018,EMEA,MENA,2024-01-01,3.6,291600.0,2024-07-01,2024-10-01,2.76,schedule slip,218700.0
NX-00054,APAC,India,2024-02-01,4.1,291100.0,2024-09-01,2025-05-01,8.19,schedule slip,218325.0
NX-00327,APAC,India,2024-10-01,3.9,276900.0,2025-06-01,2027-06-01,23.97,schedule slip,207675.0
NX-00746,North America,US / Canada,2025-10-01,3.1,257300.0,2026-02-01,2026-06-01,3.9,schedule slip,192975.0
NX-00843,APAC,India,2025-12-01,3.5,248500.0,2026-10-01,2027-08-01,10.21,schedule slip,186375.0
NX-00053,EMEA,Europe,2024-02-01,1.9,167200.0,2024-11-01,2025-02-01,3.04,schedule slip,125400.0
