region,month,orders_booked,mw_booked,value_booked,mw_converted,value_converted,backlog_value,backlog_mw,committed_material,material_in_horizon,mw_in_horizon,book_to_bill
North America,2024-01-01,12,201.20000000000002,16699600.0,0.0,0.0,16699600.0,201.20000000000002,12524700.0,2284575.0,36.7,
North America,2024-02-01,27,450.5,37391500.0,0.0,0.0,54091100.0,651.7,40568325.0,9916425.0,159.3,
North America,2024-03-01,24,512.9000000000001,42570700.0,0.0,0.0,96661800.0,1164.6,72496350.0,20791500.0,334.0,
North America,2024-04-01,33,582.1,48314300.0,56.5,4689500.0,140286600.0,1690.2000000000003,105214950.0,31125000.0,500.0,10.302654867256637
North America,2024-05-01,28,713.9000000000001,59253700.0,36.7,3046100.0,192609800.0,2320.6,144457350.0,42392250.0,680.9999999999999,19.452316076294277
North America,2024-06-01,21,585.8000000000001,48621400.0,111.1,9221300.0,232009900.0,2795.2999999999997,174007425.0,51679950.0,830.1999999999999,5.2727272727272725
North America,2024-07-01,17,322.0,26726000.0,55.599999999999994,4614800.0,254121100.0,3061.7,190590825.0,86440350.0,1388.6,5.7913669064748206
North America,2024-08-01,20,371.79999999999995,30859400.0,163.9,13603700.0,271376800.0,3269.6000000000004,203532600.0,93829425.0,1507.3000000000002,2.2684563758389262
North America,2024-09-01,18,358.8,29780400.0,340.79999999999995,28286400.0,272289800.0,3280.5999999999995,204217350.0,106360350.0,1708.6,1.0528169014084507
North America,2024-10-01,23,428.7,35582100.0,238.00000000000003,19754000.0,285976500.0,3445.5000000000005,214482375.0,108570225.0,1744.1,1.8012605042016807
North America,2024-11-01,18,290.80000000000007,24136400.0,559.6,46446800.0,263666100.0,3176.7,197749575.0,84753375.0,1361.5,0.5196568977841315
North America,2024-12-01,16,281.0,23323000.0,433.40000000000003,35972200.0,251016900.0,3024.2999999999997,188262675.0,81510150.0,1309.4,0.6483617904937702
North America,2025-01-01,20,444.0,36852000.0,487.90000000000003,40495700.0,247373200.0,2980.3999999999996,185529900.0,84890325.0,1363.6999999999998,0.9100225456036073
North America,2025-02-01,30,566.8000000000001,47044400.0,299.0,24817000.0,268895100.0,3239.7,201671325.0,95398125.0,1532.5,1.8956521739130434
North America,2025-03-01,30,456.7,37906100.0,346.99999999999994,28801000.0,278000200.0,3349.4000000000005,208500150.0,90978375.0,1461.5000000000002,1.3161383285302595
North America,2025-04-01,30,424.2,35208600.0,308.50000000000006,25605500.0,287603300.0,3465.1000000000004,215702475.0,92814750.0,1491.0,1.3750405186385737
North America,2025-05-01,28,596.1,49476300.0,439.49999999999994,36478500.0,300601100.0,3621.7,225450825.0,109242525.0,1754.9,1.3563139931740615
North America,2025-06-01,24,301.3,25007900.0,514.3000000000001,42686900.0,282922100.0,3408.7000000000003,212191575.0,106808550.0,1715.8,0.5858448376433988
North America,2025-07-01,23,350.0,29050000.0,247.4,20534200.0,291437900.0,3511.3,218578425.0,117621375.0,1889.5000000000002,1.4147130153597414
North America,2025-08-01,28,629.4,52240200.0,313.40000000000003,26012200.0,315557700.0,3801.8999999999996,236668275.0,112255425.0,1803.3000000000002,2.0082961072112315
North America,2025-09-01,20,384.7,31930100.0,709.4999999999999,58888500.0,288599300.0,3477.0999999999995,216449475.0,98137125.0,1576.5000000000002,0.5422128259337562
North America,2025-10-01,30,497.4,41284200.0,341.09999999999997,28311300.0,301223600.0,3629.2,225917700.0,106727625.0,1714.5,1.4582233948988566
North America,2025-11-01,36,780.3,64764900.0,465.7,38653100.0,325036300.0,3916.1000000000004,243777225.0,106870800.0,1716.8000000000002,1.6755421945458449
North America,2025-12-01,21,451.9,37507700.0,210.6,17479800.0,345064200.0,4157.400000000001,258798150.0,128098050.0,2057.8,2.1457739791073123
EMEA,2024-01-01,8,163.70000000000002,13888300.0,0.0,0.0,10956100.0,127.5,8217075.0,0.0,0.0,
EMEA,2024-02-01,2,16.5,1452000.0,0.0,0.0,12408100.0,144.00000000000003,9306075.0,0.0,0.0,
EMEA,2024-03-01,7,137.2,11685100.0,0.0,0.0,24093200.0,281.2,18069900.0,1573425.0,25.9,
EMEA,2024-04-01,4,82.80000000000001,6911200.0,0.0,0.0,30485200.0,358.1,22863900.0,1573425.0,25.9,
EMEA,2024-05-01,1,12.3,1082400.0,0.0,0.0,31567600.0,370.40000000000003,23675700.0,4949925.0,79.70000000000002,
EMEA,2024-06-01,7,130.8,11510400.0,12.2,988200.0,39907400.0,464.2,29930550.0,11408550.0,179.3,11.647844565877353
EMEA,2024-07-01,6,104.0,8936400.0,5.0,405000.0,48438800.0,563.1999999999999,36329100.0,13229475.0,205.79999999999998,22.065185185185186
EMEA,2024-08-01,6,62.8,5273000.0,17.9,1575199.9999999998,52136600.0,608.1000000000001,39102450.0,19627275.0,307.00000000000006,3.347511427120366
EMEA,2024-09-01,4,58.699999999999996,4919900.0,0.0,0.0,57056500.0,666.8000000000001,42792375.0,25925850.0,401.9,
EMEA,2024-10-01,5,31.499999999999996,2624300.0,99.2,8233300.0,51447500.0,599.1,38585625.0,18976875.0,293.90000000000003,0.3187421811424338
EMEA,2024-11-01,2,49.699999999999996,4276300.0,74.0,6512000.0,49211800.0,574.7999999999998,36908850.0,19887675.0,307.7,0.6566799754299755
EMEA,2024-12-01,4,62.7,5344700.0,58.800000000000004,5138700.0,49417800.0,578.7,37063350.0,20215950.0,310.9,1.0400879599898807
EMEA,2025-01-01,8,88.4,7431300.0,24.0,2112000.0,54737100.0,643.1,41052825.0,13634700.0,210.49999999999997,3.5186079545454545
EMEA,2025-02-01,3,81.89999999999999,7207200.0,115.6,9987300.0,51957000.0,609.4,38967750.0,15161625.0,235.60000000000002,0.7216364783274759
EMEA,2025-03-01,8,118.30000000000001,9966600.0,98.0,8508500.0,53415100.0,629.6999999999999,40061325.0,18085800.0,283.0,1.1713698066639242
EMEA,2025-04-01,6,117.7,10357600.0,64.4,5508300.0,58264400.0,683.0000000000001,43698300.0,17957850.0,284.79999999999995,1.8803623622533268
EMEA,2025-05-01,6,262.6,21776700.0,77.3,6542700.0,73498400.0,868.3,55123800.0,16910025.0,267.5,3.3283965335411985
EMEA,2025-06-01,6,97.0,8129300.0,52.300000000000004,4545700.0,73631400.0,870.4,55223550.0,15492600.0,244.59999999999997,1.7883494291308268
EMEA,2025-07-01,8,190.8,16039300.0,63.0,5476100.0,81383900.0,963.5,61037925.0,23452050.0,371.8,2.9289640437537665
EMEA,2025-08-01,5,43.7,3763000.0,77.7,6360900.0,78786000.0,929.5,59089500.0,27070425.0,425.9,0.5915829520979735
EMEA,2025-09-01,9,166.0,14423200.0,121.89999999999999,10455600.0,82753600.0,973.6,62065200.0,38265150.0,604.1,1.379471288113547
EMEA,2025-10-01,4,47.7,3961700.0,22.1,1790100.0,82608600.0,970.6,61956450.0,41379600.0,651.4000000000001,2.213116585665605
EMEA,2025-11-01,5,106.6,9355600.0,58.0,4867400.0,87096800.0,1019.2000000000002,65322600.0,36953400.0,575.3000000000001,1.9220939310514853
EMEA,2025-12-01,8,113.5,9719200.0,292.5,24533200.0,72282800.0,840.1999999999999,54212100.0,26168100.0,407.4,0.3961651965499812
APAC,2024-01-01,4,50.3,3664900.0,0.0,0.0,3664900.0,50.3,2748675.0,1006425.0,18.9,
APAC,2024-02-01,4,44.900000000000006,3187900.0,0.0,0.0,5340500.0,73.9,4005375.0,1006425.0,18.9,
APAC,2024-03-01,2,38.6,3242400.0,0.0,0.0,8582900.0,112.49999999999999,6437175.0,453600.0,7.2,
APAC,2024-04-01,3,47.400000000000006,3836000.0,0.0,0.0,12418900.0,159.9,9314175.0,2434425.0,39.400000000000006,
APAC,2024-05-01,3,40.1,3205900.0,0.0,0.0,15624800.0,200.0,11718600.0,3249150.0,54.7,
APAC,2024-06-01,3,54.1,4450800.0,0.0,0.0,17522000.0,223.7,13141500.0,4954275.0,83.7,
APAC,2024-07-01,5,95.3,7376000.0,7.2,604800.0,24293200.0,311.79999999999995,18219900.0,3391875.0,58.900000000000006,12.195767195767196
APAC,2024-08-01,3,70.2,5627700.0,0.0,0.0,29920900.0,382.0,22440675.0,3130950.0,54.0,
APAC,2024-09-01,4,68.1,5382400.0,0.0,0.0,35303300.0,450.1,26477475.0,4049550.0,69.19999999999999,
APAC,2024-10-01,2,11.8,837800.0,32.6,2529100.0,33612000.0,429.3,25209000.0,3342600.0,57.699999999999996,0.3312640860385117
APAC,2024-11-01,2,36.9,2619900.0,0.0,0.0,36231900.0,466.2,27173925.0,8490000.0,142.5,
APAC,2024-12-01,1,16.0,1136000.0,12.5,887500.0,36480400.0,469.69999999999993,27360300.0,9957900.0,165.8,1.28
APAC,2025-01-01,1,10.7,759700.0,45.2,3796800.0,33443300.0,435.2,25082475.0,8468400.0,142.9,0.20008954909397386
APAC,2025-02-01,4,95.0,7311800.0,25.1,1969300.0,38785800.0,505.09999999999997,29089350.0,12998025.0,218.90000000000003,3.7128929061087694
APAC,2025-03-01,3,44.7,3536400.0,36.4,2943200.0,39379000.0,513.4,29534250.0,11134425.0,188.7,1.201549334058168
APAC,2025-04-01,0,0.0,0.0,51.0,4284000.0,35095000.0,462.4,26321250.0,12126975.0,206.89999999999998,0.0
APAC,2025-05-01,4,41.6,3203200.0,18.7,1517500.0,36780700.0,485.30000000000007,27585525.0,13080150.0,224.79999999999998,2.110840197693575
APAC,2025-06-01,4,54.5,4424600.0,94.0,7317500.0,33887800.0,445.7999999999999,25415850.0,11537025.0,201.9,0.6046600614964127
APAC,2025-07-01,3,138.9,11667600.0,38.6,3242400.0,42313000.0,546.0999999999999,31734750.0,9302250.0,167.0,3.598445595854922
APAC,2025-08-01,2,48.199999999999996,3422200.0,10.2,724200.0,45011000.0,584.0999999999999,33758250.0,7771650.0,144.5,4.7254901960784315
APAC,2025-09-01,4,99.49999999999999,7427200.0,60.699999999999996,4418900.0,48019300.0,622.9000000000001,36014475.0,4656525.0,86.0,1.680780284686234
APAC,2025-10-01,4,33.6,2510400.0,55.7,4288800.0,45687100.0,593.0,34265325.0,7858350.0,135.60000000000002,0.5853385562395076
APAC,2025-11-01,5,65.3,5080900.0,38.599999999999994,2740600.0,48027400.0,619.7,36020550.0,11573550.0,192.9,1.8539370940669926
APAC,2025-12-01,2,18.3,1299300.0,30.9,2296600.0,47030100.0,607.0999999999999,35272575.0,18980175.0,321.49999999999994,0.5657493686318906
LATAM,2024-01-01,0,0.0,0.0,0.0,0.0,0.0,0.0,0.0,0.0,0.0,
LATAM,2024-02-01,2,18.200000000000003,1437800.0,0.0,0.0,1437800.0,18.200000000000003,1078350.0,379200.0,6.4,
LATAM,2024-03-01,3,25.4,2006600.0,0.0,0.0,3444400.0,43.6,2583300.0,379200.0,6.4,
LATAM,2024-04-01,2,25.0,1975000.0,0.0,0.0,5419400.0,68.60000000000001,4064550.0,1499025.0,25.300000000000004,
LATAM,2024-05-01,3,57.599999999999994,4550400.0,0.0,0.0,9969800.0,126.2,7477350.0,1736025.0,29.299999999999997,
LATAM,2024-06-01,2,45.1,3562900.0,0.0,0.0,13532700.0,171.29999999999998,10149525.0,3246900.0,54.8,
LATAM,2024-07-01,4,67.2,5308800.0,0.0,0.0,18841500.0,238.5,14131125.0,3246900.0,54.8,
LATAM,2024-08-01,1,7.5,592500.0,0.0,0.0,19434000.0,246.0,14575500.0,2127075.0,35.9,
LATAM,2024-09-01,4,68.89999999999999,5443100.0,0.0,0.0,23889600.0,302.4,17917200.0,4034925.0,68.1,
LATAM,2024-10-01,2,30.6,2417400.0,17.5,1382500.0,24924500.0,315.49999999999994,18693375.0,5214000.0,88.0,1.7485714285714287
LATAM,2024-11-01,2,41.3,3262700.0,0.0,0.0,26741500.0,338.49999999999994,20056125.0,8022450.0,135.39999999999998,
LATAM,2024-12-01,2,36.8,2907200.0,44.699999999999996,3531300.0,26117400.0,330.6,19588050.0,11221950.0,189.39999999999998,0.8232662192393736
LATAM,2025-01-01,4,67.0,5293000.0,0.0,0.0,31410400.0,397.6,23557800.0,9859200.0,166.39999999999998,
LATAM,2025-02-01,3,30.0,2370000.0,48.8,3855200.0,29925200.0,378.8,22443900.0,11974425.0,202.1,0.6147540983606558
LATAM,2025-03-01,4,74.7,5901300.0,0.0,0.0,34989100.0,442.9,26241825.0,11541900.0,194.8,
LATAM,2025-04-01,0,0.0,0.0,93.9,7418100.0,27571000.0,349.0,20678250.0,7951350.0,134.2,0.0
LATAM,2025-05-01,2,46.6,3681400.0,34.199999999999996,2701800.0,28550600.0,361.4,21412950.0,7743975.0,130.7,1.3625730994152048
LATAM,2025-06-01,3,50.699999999999996,4005300.0,41.4,3270600.0,29285300.0,370.7,21963975.0,6914475.0,116.69999999999999,1.2246376811594204
LATAM,2025-07-01,3,75.7,5980300.0,35.7,2820300.0,32445300.0,410.7,24333975.0,6339750.0,107.0,2.1204481792717087
LATAM,2025-08-01,4,65.4,5166600.0,7.5,592500.0,35684300.0,451.7,26763225.0,5693925.0,96.1,8.72
LATAM,2025-09-01,4,57.39999999999999,4534600.0,0.0,0.0,40218900.0,509.09999999999997,30164175.0,7115925.0,120.10000000000001,
LATAM,2025-10-01,3,78.4,6193600.0,50.4,3981600.0,42430900.0,537.1,31823175.0,9077100.0,153.2,1.5555555555555556
LATAM,2025-11-01,6,74.30000000000001,5869700.0,42.3,3341700.0,44958900.0,569.0999999999999,33719175.0,14563650.0,245.8,1.756501182033097
LATAM,2025-12-01,4,137.7,10878300.0,36.599999999999994,2891400.0,52945800.0,670.1999999999999,39709350.0,15102825.0,254.89999999999995,3.762295081967213
