order_id,region,market,edge_case,booked_month,mw,order_value,material_committed,promised_months,expected_conversion,slip_months,actual_conversion,cancelled
NX-00001,North America,US / Canada,False,2024-01-01,31.5,2614500.0,1960875.0,11,2024-12-01,2.72,2025-03-01,False
NX-00002,North America,US / Canada,False,2024-01-01,23.5,1950500.0,1462875.0,7,2024-08-01,1.33,2024-09-01,False
NX-00003,North America,US / Canada,False,2024-01-01,58.2,4830600.0,3622950.0,11,2024-12-01,0.07,2024-12-01,False
NX-00004,North America,US / Canada,False,2024-01-01,7.0,581000.0,435750.0,7,2024-08-01,2.58,2024-11-01,False
NX-00005,North America,US / Canada,False,2024-01-01,6.0,498000.0,373500.0,5,2024-06-01,0.0,2024-06-01,False
NX-00006,North America,US / Canada,False,2024-01-01,38.4,3187200.0,2390400.0,11,2024-12-01,0.0,2024-12-01,False
NX-00007,North America,US / Canada,False,2024-01-01,5.8,481400.0,361050.0,7,2024-08-01,0.0,2024-08-01,False
NX-00008,North America,US / Canada,False,2024-01-01,9.9,821700.0,616275.0,5,2024-06-01,3.62,2024-10-01,False
NX-00009,North America,US / Canada,False,2024-01-01,4.5,373500.0,280125.0,11,2024-12-01,0.52,2025-01-01,False
NX-00010,North America,US / Canada,False,2024-01-01,25.5,2116500.0,1587375.0,7,2024-08-01,2.53,2024-11-01,False
NX-00011,North America,US / Canada,False,2024-01-01,14.3,1186900.0,890175.0,11,2024-12-01,3.42,2025-03-01,False
NX-00012,North America,US / Canada,False,2024-01-01,21.5,1784500.0,1338375.0,9,2024-10-01,3.56,2025-02-01,False
NX-00013,EMEA,Europe,False,2024-01-01,5.8,510400.0,382800.0,7,2024-08-01,0.49,2024-08-01,False
NX-00014,EMEA,Europe,False,2024-01-01,19.9,1751199.9999999998,1313399.9999999998,10,2024-11-01,1.5,2025-01-01,False
NX-00015,EMEA,Europe,False,2024-01-01,30.7,2701600.0,2026200.0,6,2024-07-01,2.46,2024-09-01,False
NX-00016,EMEA,Europe,False,2024-01-01,3.9,343200.0,257400.0,8,2024-09-01,0.47,2024-09-01,False
NX-00017,EMEA,MENA,False,2024-01-01,19.0,1539000.0,1154250.0,10,2024-11-01,5.33,2025-04-01,False
NX-00018,EMEA,MENA,False,2024-01-01,53.8,4357800.0,3268350.0,5,2024-06-01,11.23,2025-05-01,False
NX-00019,APAC,India,True,2024-01-01,14.5,1029500.0,772125.0,6,2024-07-01,7.98,2025-03-01,False
NX-00020,APAC,India,True,2024-01-01,14.7,1043700.0,782775.0,8,2024-09-01,0.58,2024-10-01,False
NX-00021,APAC,India,True,2024-01-01,19.3,1370300.0,1027725.0,6,2024-07-01,1.82,2024-09-01,False
NX-00022,APAC,Australia/SEA,False,2024-01-01,25.5,2142000.0,1606500.0,9,2024-10-01,0.32,2024-10-01,False
NX-00023,LATAM,LATAM,False,2024-01-01,3.6,284400.0,213300.0,10,2024-11-01,10.08,2025-09-01,False
NX-00024,LATAM,LATAM,False,2024-01-01,30.1,2377900.0,1783425.0,7,2024-08-01,3.27,2024-11-01,False
NX-00025,North America,US / Canada,False,2024-02-01,10.9,904700.0,678525.0,6,2024-08-01,0.02,2024-08-01,False
NX-00026,North America,US / Canada,False,2024-02-01,8.7,722099.9999999999,541574.9999999999,9,2024-11-01,0.01,2024-11-01,False
NX-00027,North America,US / Canada,False,2024-02-01,5.4,448200.00000000006,336150.00000000006,5,2024-07-01,0.95,2024-08-01,False
NX-00028,North America,US / Canada,False,2024-02-01,30.9,2564700.0,1923525.0,6,2024-08-01,0.65,2024-09-01,False
NX-00029,North America,US / Canada,False,2024-02-01,5.8,481400.0,361050.0,9,2024-11-01,0.02,2024-11-01,False
NX-00030,North America,US / Canada,False,2024-02-01,4.8,398400.0,298800.0,7,2024-09-01,0.97,2024-10-01,False
NX-00031,North America,US / Canada,False,2024-02-01,8.8,730400.0000000001,547800.0000000001,5,2024-07-01,0.06,2024-07-01,False
NX-00032,North America,US / Canada,False,2024-02-01,15.3,1269900.0,952425.0,11,2025-01-01,0.95,2025-02-01,False
NX-00033,North America,US / Canada,False,2024-02-01,12.2,1012599.9999999999,759449.9999999999,6,2024-08-01,0.0,2024-08-01,False
NX-00034,North America,US / Canada,False,2024-02-01,15.6,1294800.0,971100.0,10,2024-12-01,0.02,2024-12-01,False
NX-00035,North America,US / Canada,False,2024-02-01,6.1,506299.99999999994,379724.99999999994,8,2024-10-01,0.39,2024-10-01,False
NX-00036,North America,US / Canada,False,2024-02-01,21.3,1767900.0,1325925.0,9,2024-11-01,0.17,2024-11-01,False
NX-00037,North America,US / Canada,False,2024-02-01,9.9,821700.0,616275.0,7,2024-09-01,0.16,2024-09-01,False
NX-00038,North America,US / Canada,False,2024-02-01,16.5,1369500.0,1027125.0,9,2024-11-01,0.0,2024-11-01,False
NX-00039,North America,US / Canada,False,2024-02-01,26.6,2207800.0,1655850.0,11,2025-01-01,0.05,2025-01-01,False
NX-00040,North America,US / Canada,False,2024-02-01,7.2,597600.0,448200.0,6,2024-08-01,0.0,2024-08-01,False
NX-00041,North America,US / Canada,False,2024-02-01,27.6,2290800.0,1718100.0,11,2025-01-01,0.0,2025-01-01,False
NX-00042,North America,US / Canada,False,2024-02-01,20.5,1701500.0,1276125.0,10,2024-12-01,0.03,2024-12-01,False
NX-00043,EMEA,Europe,False,2024-02-01,14.9,1311200.0,983400.0,9,2024-11-01,0.23,2024-11-01,False
NX-00044,EMEA,Europe,False,2024-02-01,14.2,1249600.0,937200.0,8,2024-10-01,0.6,2024-11-01,False
NX-00045,EMEA,Europe,False,2024-02-01,6.9,607200.0,455400.0,11,2025-01-01,4.69,2025-06-01,False
NX-00046,EMEA,Europe,False,2024-02-01,18.2,1601600.0,1201200.0,5,2024-07-01,5.67,2025-01-01,False
NX-00047,EMEA,Europe,False,2024-02-01,1.7,149600.0,112200.0,9,2024-11-01,3.45,2025-02-01,False
NX-00048,EMEA,Europe,False,2024-02-01,10.8,950400.0000000001,712800.0000000001,5,2024-07-01,4.96,2024-12-01,False
NX-00049,EMEA,MENA,False,2024-02-01,12.4,1004400.0,753300.0,10,2024-12-01,13.85,2026-02-01,False
NX-00050,EMEA,MENA,False,2024-02-01,14.1,1142100.0,856575.0,6,2024-08-01,0.1,2024-08-01,False
NX-00051,EMEA,MENA,False,2024-02-01,10.7,866700.0,650025.0,6,2024-08-01,0.1,2024-08-01,False
NX-00052,EMEA,MENA,False,2024-02-01,12.2,988200.0,741150.0,5,2024-07-01,4.54,2024-12-01,False
NX-00053,APAC,India,True,2024-02-01,69.7,4948700.0,3711525.0,11,2025-01-01,3.76,2025-05-01,False
NX-00054,APAC,India,True,2024-02-01,4.5,319500.0,239625.0,11,2025-01-01,0.22,2025-01-01,False
NX-00055,APAC,India,True,2024-02-01,17.6,1249600.0,937200.0,7,2024-09-01,18.0,2026-03-01,False
NX-00056,APAC,Australia/SEA,False,2024-02-01,12.5,1050000.0,787500.0,9,2024-11-01,1.03,2024-12-01,False
NX-00057,APAC,Australia/SEA,False,2024-02-01,33.4,2805600.0,2104200.0,7,2024-09-01,1.77,2024-11-01,False
NX-00058,LATAM,LATAM,False,2024-02-01,13.6,1074400.0,805800.0,11,2025-01-01,0.15,2025-01-01,False
NX-00059,North America,US / Canada,False,2024-03-01,10.2,846599.9999999999,634949.9999999999,8,2024-11-01,0.66,2024-12-01,False
NX-00060,North America,US / Canada,False,2024-03-01,5.5,456500.0,342375.0,10,2025-01-01,0.18,2025-01-01,False
NX-00061,North America,US / Canada,False,2024-03-01,4.6,381799.99999999994,286349.99999999994,7,2024-10-01,0.21,2024-10-01,False
NX-00062,North America,US / Canada,False,2024-03-01,7.7,639100.0,479325.0,9,2024-12-01,0.11,2024-12-01,False
NX-00063,North America,US / Canada,False,2024-03-01,26.8,2224400.0,1668300.0,8,2024-11-01,0.09,2024-11-01,False
NX-00064,North America,US / Canada,False,2024-03-01,28.5,2365500.0,1774125.0,11,2025-02-01,1.32,2025-03-01,False
NX-00065,North America,US / Canada,False,2024-03-01,30.1,2498300.0,1873725.0,7,2024-10-01,1.74,2024-12-01,False
NX-00066,North America,US / Canada,False,2024-03-01,8.6,713800.0,535350.0,5,2024-08-01,0.22,,True
NX-00067,North America,US / Canada,False,2024-03-01,14.6,1211800.0,908850.0,8,2024-11-01,0.61,2024-12-01,False
NX-00068,North America,US / Canada,False,2024-03-01,45.4,3768200.0,2826150.0,9,2024-12-01,0.01,2024-12-01,False
NX-00069,North America,US / Canada,False,2024-03-01,44.0,3652000.0,2739000.0,5,2024-08-01,0.13,2024-08-01,False
NX-00070,North America,US / Canada,False,2024-03-01,6.4,531200.0,398400.0,6,2024-09-01,0.08,2024-09-01,False
NX-00071,North America,US / Canada,False,2024-03-01,35.0,2905000.0,2178750.0,7,2024-10-01,0.78,2024-11-01,False
NX-00072,North America,US / Canada,False,2024-03-01,31.2,2589600.0,1942200.0,10,2025-01-01,0.0,2025-01-01,False
NX-00073,North America,US / Canada,False,2024-03-01,29.9,2481700.0,1861275.0,7,2024-10-01,0.0,2024-10-01,False
NX-00074,North America,US / Canada,False,2024-03-01,21.3,1767900.0,1325925.0,9,2024-12-01,3.32,2025-03-01,False
NX-00075,North America,US / Canada,False,2024-03-01,10.3,854900.0000000001,641175.0000000001,5,2024-08-01,0.65,2024-09-01,False
NX-00076,North America,US / Canada,False,2024-03-01,4.7,390100.0,292575.0,8,2024-11-01,0.04,2024-11-01,False
NX-00077,North America,US / Canada,False,2024-03-01,16.2,1344600.0,1008450.0,11,2025-02-01,0.19,2025-02-01,False
NX-00078,North America,US / Canada,False,2024-03-01,5.9,489700.00000000006,367275.00000000006,7,2024-10-01,0.06,2024-10-01,False
NX-00079,North America,US / Canada,False,2024-03-01,10.6,879800.0,659850.0,11,2025-02-01,0.02,2025-02-01,False
NX-00080,North America,US / Canada,False,2024-03-01,16.5,1369500.0,1027125.0,5,2024-08-01,0.11,2024-08-01,False
NX-00081,North America,US / Canada,False,2024-03-01,38.9,3228700.0,2421525.0,11,2025-02-01,0.0,2025-02-01,False
NX-00082,North America,US / Canada,False,2024-03-01,32.5,2697500.0,2023125.0,7,2024-10-01,0.01,2024-10-01,False
NX-00083,North America,US / Canada,False,2024-03-01,11.4,946200.0,709650.0,8,2024-11-01,11.85,2025-11-01,False
NX-00084,North America,US / Canada,False,2024-03-01,13.8,1145400.0,859050.0,11,2025-02-01,0.34,2025-02-01,False
NX-00085,North America,US / Canada,False,2024-03-01,49.2,4083600.0000000005,3062700.0000000005,11,2025-02-01,1.57,2025-04-01,False
NX-00086,North America,US / Canada,False,2024-03-01,16.0,1328000.0,996000.0,6,2024-09-01,0.48,2024-09-01,False
NX-00087,North America,US / Canada,False,2024-03-01,5.6,464799.99999999994,348599.99999999994,11,2025-02-01,0.04,2025-02-01,False
NX-00088,North America,US / Canada,False,2024-03-01,6.6,547800.0,410850.0,11,2025-02-01,0.28,2025-02-01,False
NX-00089,EMEA,Europe,False,2024-03-01,23.1,2032800.0000000002,1524600.0000000002,11,2025-02-01,0.36,2025-02-01,False
NX-00090,EMEA,Europe,False,2024-03-01,7.7,677600.0,508200.0,9,2024-12-01,0.05,2024-12-01,False
NX-00091,EMEA,Europe,False,2024-03-01,66.3,5834400.0,4375800.0,8,2024-11-01,0.87,2024-12-01,False
NX-00092,EMEA,Europe,False,2024-03-01,28.0,2464000.0,1848000.0,7,2024-10-01,0.04,2024-10-01,False
NX-00093,EMEA,Europe,False,2024-03-01,5.8,510400.0,382800.0,7,2024-10-01,3.17,2025-01-01,False
NX-00094,EMEA,Europe,False,2024-03-01,13.1,1152800.0,864600.0,7,2024-10-01,0.73,2024-11-01,False
NX-00095,EMEA,MENA,False,2024-03-01,36.0,2916000.0,2187000.0,9,2024-12-01,14.32,,True
NX-00096,EMEA,MENA,False,2024-03-01,8.8,712800.0,534600.0,11,2025-02-01,11.3,2026-01-01,False
NX-00097,EMEA,MENA,False,2024-03-01,22.9,1854900.0,1391175.0,7,2024-10-01,8.28,2025-06-01,False
NX-00098,APAC,India,True,2024-03-01,20.2,1434200.0,1075650.0,7,2024-10-01,15.78,2026-02-01,False
NX-00099,APAC,India,True,2024-03-01,74.6,5296600.0,3972450.0,9,2024-12-01,0.01,2024-12-01,False
NX-00100,APAC,India,True,2024-03-01,8.6,610600.0,457950.0,10,2025-01-01,0.58,2025-02-01,False
NX-00101,LATAM,LATAM,False,2024-03-01,3.1,244900.0,183675.0,11,2025-02-01,2.9,2025-05-01,False
NX-00102,LATAM,LATAM,False,2024-03-01,51.5,4068500.0,3051375.0,11,2025-02-01,0.3,2025-02-01,False
NX-00103,LATAM,LATAM,False,2024-03-01,13.8,1090200.0,817650.0,11,2025-02-01,2.44,2025-04-01,False
NX-00104,North America,US / Canada,False,2024-04-01,38.8,3220399.9999999995,2415299.9999999995,5,2024-09-01,1.27,2024-10-01,False
NX-00105,North America,US / Canada,False,2024-04-01,5.3,439900.0,329925.0,5,2024-09-01,0.65,2024-10-01,False
NX-00106,North America,US / Canada,False,2024-04-01,13.3,1103900.0,827925.0,6,2024-10-01,0.03,2024-10-01,False
NX-00107,North America,US / Canada,False,2024-04-01,3.8,315400.0,236550.0,7,2024-11-01,0.72,2024-12-01,False
NX-00108,North America,US / Canada,False,2024-04-01,5.2,431600.0,323700.0,6,2024-10-01,0.0,2024-10-01,False
NX-00109,North America,US / Canada,False,2024-04-01,13.4,1112200.0,834150.0,6,2024-10-01,0.01,2024-10-01,False
NX-00110,North America,US / Canada,False,2024-04-01,16.5,1369500.0,1027125.0,11,2025-03-01,0.17,2025-03-01,False
NX-00111,North America,US / Canada,False,2024-04-01,7.0,581000.0,435750.0,11,2025-03-01,0.05,2025-03-01,False
NX-00112,North America,US / Canada,False,2024-04-01,15.6,1294800.0,971100.0,9,2025-01-01,0.02,2025-01-01,False
NX-00113,North America,US / Canada,False,2024-04-01,12.2,1012599.9999999999,759449.9999999999,8,2024-12-01,0.0,2024-12-01,False
NX-00114,North America,US / Canada,False,2024-04-01,6.8,564400.0,423300.0,9,2025-01-01,0.99,2025-02-01,False
NX-00115,North America,US / Canada,False,2024-04-01,24.1,2000300.0000000002,1500225.0000000002,5,2024-09-01,0.03,2024-09-01,False
NX-00116,North America,US / Canada,False,2024-04-01,16.0,1328000.0,996000.0,9,2025-01-01,0.55,2025-02-01,False
NX-00117,North America,US / Canada,False,2024-04-01,36.0,2988000.0,2241000.0,8,2024-12-01,0.03,2024-12-01,False
NX-00118,North America,US / Canada,False,2024-04-01,21.5,1784500.0,1338375.0,7,2024-11-01,1.93,2025-01-01,False
NX-00119,North America,US / Canada,False,2024-04-01,51.2,4249600.0,3187200.0,8,2024-12-01,0.0,2024-12-01,False
NX-00120,North America,US / Canada,False,2024-04-01,20.6,1709800.0000000002,1282350.0000000002,5,2024-09-01,0.0,2024-09-01,False
NX-00121,North America,US / Canada,False,2024-04-01,22.9,1900699.9999999998,1425524.9999999998,8,2024-12-01,0.03,2024-12-01,False
NX-00122,North America,US / Canada,False,2024-04-01,4.1,340299.99999999994,255224.99999999994,7,2024-11-01,0.11,2024-11-01,False
NX-00123,North America,US / Canada,False,2024-04-01,34.2,2838600.0000000005,2128950.0000000005,9,2025-01-01,0.23,2025-01-01,False
NX-00124,North America,US / Canada,False,2024-04-01,7.1,589300.0,441975.0,5,2024-09-01,0.35,2024-09-01,False
NX-00125,North America,US / Canada,False,2024-04-01,9.4,780200.0,585150.0,5,2024-09-01,0.37,2024-09-01,False
NX-00126,North America,US / Canada,False,2024-04-01,31.1,2581300.0,1935975.0,8,2024-12-01,1.14,2025-01-01,False
NX-00127,North America,US / Canada,False,2024-04-01,10.4,863200.0,647400.0,9,2025-01-01,2.47,2025-03-01,False
NX-00128,North America,US / Canada,False,2024-04-01,8.1,672300.0,504225.0,8,2024-12-01,0.1,2024-12-01,False
NX-00129,North America,US / Canada,False,2024-04-01,2.4,199200.0,149400.0,8,2024-12-01,4.41,2025-04-01,False
NX-00130,North America,US / Canada,False,2024-04-01,23.4,1942199.9999999998,1456649.9999999998,9,2025-01-01,0.0,2025-01-01,False
NX-00131,EMEA,Europe,False,2024-04-01,5.3,466400.0,349800.0,11,2025-03-01,0.0,2025-03-01,False
NX-00132,EMEA,Europe,False,2024-04-01,5.9,519200.00000000006,389400.00000000006,5,2024-09-01,3.94,2025-01-01,False
NX-00133,EMEA,Europe,False,2024-04-01,39.5,3476000.0,2607000.0,11,2025-03-01,0.41,2025-03-01,False
NX-00134,EMEA,MENA,False,2024-04-01,15.3,1239300.0,929475.0,6,2024-10-01,0.03,2024-10-01,False
NX-00135,APAC,India,True,2024-04-01,24.8,1760800.0,1320600.0,9,2025-01-01,3.6,2025-05-01,False
NX-00136,APAC,India,True,2024-04-01,19.2,1363200.0,1022400.0,7,2024-11-01,4.11,2025-03-01,False
NX-00137,APAC,India,True,2024-04-01,33.0,2343000.0,1757250.0,10,2025-02-01,0.02,,True
NX-00138,APAC,Australia/SEA,False,2024-04-01,10.8,907200.0000000001,680400.0000000001,8,2024-12-01,0.85,2025-01-01,False
NX-00139,LATAM,LATAM,False,2024-04-01,70.9,5601100.0,4200825.0,5,2024-09-01,1.55,2024-11-01,False
NX-00140,LATAM,LATAM,False,2024-04-01,4.6,363400.0,272550.0,10,2025-02-01,0.95,,True
NX-00141,North America,US / Canada,False,2024-05-01,10.0,830000.0,622500.0,6,2024-11-01,0.44,2024-11-01,False
NX-00142,North America,US / Canada,False,2024-05-01,9.0,747000.0,560250.0,6,2024-11-01,6.26,2025-05-01,False
NX-00143,North America,US / Canada,False,2024-05-01,98.4,8167200.000000001,6125400.000000001,7,2024-12-01,0.55,2025-01-01,False
NX-00144,North America,US / Canada,False,2024-05-01,15.6,1294800.0,971100.0,11,2025-04-01,0.07,2025-04-01,False
NX-00145,North America,US / Canada,False,2024-05-01,4.2,348600.0,261450.0,6,2024-11-01,1.75,2025-01-01,False
NX-00146,North America,US / Canada,False,2024-05-01,16.4,1361199.9999999998,1020899.9999999998,9,2025-02-01,0.52,2025-03-01,False
NX-00147,North America,US / Canada,False,2024-05-01,8.6,713800.0,535350.0,10,2025-03-01,0.0,2025-03-01,False
NX-00148,North America,US / Canada,False,2024-05-01,10.4,863200.0,647400.0,10,2025-03-01,0.01,2025-03-01,False
NX-00149,North America,US / Canada,False,2024-05-01,9.2,763599.9999999999,572699.9999999999,11,2025-04-01,0.11,2025-04-01,False
NX-00150,North America,US / Canada,False,2024-05-01,22.5,1867500.0,1400625.0,11,2025-04-01,0.08,2025-04-01,False
NX-00151,North America,US / Canada,False,2024-05-01,12.3,1020900.0000000001,765675.0000000001,6,2024-11-01,0.85,2024-12-01,False
NX-00152,North America,US / Canada,False,2024-05-01,3.0,249000.0,186750.0,8,2025-01-01,0.0,2025-01-01,False
NX-00153,North America,US / Canada,False,2024-05-01,15.9,1319700.0,989775.0,10,2025-03-01,3.74,2025-07-01,False
NX-00154,North America,US / Canada,False,2024-05-01,24.6,2041800.0000000002,1531350.0000000002,7,2024-12-01,0.0,2024-12-01,False
NX-00155,North America,US / Canada,False,2024-05-01,40.0,3320000.0,2490000.0,10,2025-03-01,0.02,2025-03-01,False
NX-00156,North America,US / Canada,False,2024-05-01,4.1,340299.99999999994,255224.99999999994,8,2025-01-01,2.13,2025-03-01,False
NX-00157,North America,US / Canada,False,2024-05-01,30.7,2548100.0,1911075.0,8,2025-01-01,0.05,2025-01-01,False
NX-00158,North America,US / Canada,False,2024-05-01,21.6,1792800.0000000002,1344600.0000000002,8,2025-01-01,1.73,2025-03-01,False
NX-00159,North America,US / Canada,False,2024-05-01,26.3,2182900.0,1637175.0,9,2025-02-01,5.19,2025-07-01,False
NX-00160,North America,US / Canada,False,2024-05-01,15.4,1278200.0,958650.0,9,2025-02-01,0.0,2025-02-01,False
NX-00161,North America,US / Canada,False,2024-05-01,5.7,473100.0,354825.0,10,2025-03-01,0.26,2025-03-01,False
NX-00162,North America,US / Canada,False,2024-05-01,24.9,2066699.9999999998,1550024.9999999998,5,2024-10-01,1.74,2024-12-01,False
NX-00163,North America,US / Canada,False,2024-05-01,10.2,846599.9999999999,634949.9999999999,5,2024-10-01,0.52,2024-11-01,False
NX-00164,North America,US / Canada,False,2024-05-01,18.1,1502300.0000000002,1126725.0000000002,10,2025-03-01,0.45,2025-03-01,False
NX-00165,North America,US / Canada,False,2024-05-01,41.9,3477700.0,2608275.0,7,2024-12-01,0.04,2024-12-01,False
NX-00166,EMEA,Europe,False,2024-05-01,23.3,2050400.0,1537800.0,10,2025-03-01,1.42,2025-04-01,False
NX-00167,EMEA,MENA,False,2024-05-01,5.9,477900.0,358425.0,7,2024-12-01,4.78,2025-05-01,False
NX-00168,APAC,Australia/SEA,False,2024-05-01,20.5,1722000.0,1291500.0,6,2024-11-01,0.54,2024-12-01,False
NX-00169,LATAM,LATAM,False,2024-05-01,9.2,726800.0,545100.0,8,2025-01-01,0.58,,True
NX-00170,LATAM,LATAM,False,2024-05-01,11.2,884800.0,663600.0,8,2025-01-01,0.82,2025-02-01,False
NX-00171,LATAM,LATAM,False,2024-05-01,4.4,347600.0,260700.0,5,2024-10-01,0.58,2024-11-01,False
NX-00172,LATAM,LATAM,False,2024-05-01,8.9,703100.0,527325.0,8,2025-01-01,1.04,2025-02-01,False
NX-00173,LATAM,LATAM,False,2024-05-01,15.6,1232400.0,924300.0,11,2025-04-01,4.65,2025-09-01,False
NX-00174,North America,US / Canada,False,2024-06-01,38.2,3170600.0000000005,2377950.0000000005,5,2024-11-01,0.76,2024-12-01,False
NX-00175,North America,US / Canada,False,2024-06-01,14.6,1211800.0,908850.0,6,2024-12-01,0.77,2025-01-01,False
NX-00176,North America,US / Canada,False,2024-06-01,7.0,581000.0,435750.0,5,2024-11-01,0.09,2024-11-01,False
NX-00177,North America,US / Canada,False,2024-06-01,5.9,489700.00000000006,367275.00000000006,9,2025-03-01,0.84,2025-04-01,False
NX-00178,North America,US / Canada,False,2024-06-01,28.3,2348900.0,1761675.0,6,2024-12-01,0.0,2024-12-01,False
NX-00179,North America,US / Canada,False,2024-06-01,12.8,1062400.0,796800.0,5,2024-11-01,0.99,2024-12-01,False
NX-00180,North America,US / Canada,False,2024-06-01,8.2,680599.9999999999,510449.9999999999,6,2024-12-01,0.0,2024-12-01,False
NX-00181,North America,US / Canada,False,2024-06-01,11.5,954500.0,715875.0,6,2024-12-01,0.06,2024-12-01,False
NX-00182,North America,US / Canada,False,2024-06-01,7.8,647400.0,485550.0,6,2024-12-01,0.0,2024-12-01,False
NX-00183,North America,US / Canada,False,2024-06-01,8.3,688900.0000000001,516675.0000000001,10,2025-04-01,0.0,2025-04-01,False
NX-00184,North America,US / Canada,False,2024-06-01,4.6,381799.99999999994,286349.99999999994,6,2024-12-01,1.06,2025-01-01,False
NX-00185,North America,US / Canada,False,2024-06-01,23.1,1917300.0000000002,1437975.0000000002,11,2025-05-01,0.01,2025-05-01,False
NX-00186,North America,US / Canada,False,2024-06-01,13.6,1128800.0,846600.0,10,2025-04-01,0.01,2025-04-01,False
NX-00187,North America,US / Canada,False,2024-06-01,4.5,373500.0,280125.0,9,2025-03-01,0.0,2025-03-01,False
NX-00188,North America,US / Canada,False,2024-06-01,29.7,2465100.0,1848825.0,5,2024-11-01,1.38,2024-12-01,False
NX-00189,North America,US / Canada,False,2024-06-01,9.0,747000.0,560250.0,9,2025-03-01,0.88,2025-04-01,False
NX-00190,North America,US / Canada,False,2024-06-01,15.0,1245000.0,933750.0,8,2025-02-01,0.0,2025-02-01,False
NX-00191,North America,US / Canada,False,2024-06-01,5.3,439900.0,329925.0,6,2024-12-01,0.0,2024-12-01,False
NX-00192,North America,US / Canada,False,2024-06-01,9.5,788500.0,591375.0,7,2025-01-01,0.15,2025-01-01,False
NX-00193,North America,US / Canada,False,2024-06-01,11.6,962800.0,722100.0,5,2024-11-01,0.39,2024-11-01,False
NX-00194,North America,US / Canada,False,2024-06-01,6.9,572700.0,429525.0,7,2025-01-01,0.11,2025-01-01,False
NX-00195,North America,US / Canada,False,2024-06-01,18.5,1535500.0,1151625.0,10,2025-04-01,0.15,2025-04-01,False
NX-00196,North America,US / Canada,False,2024-06-01,38.4,3187200.0,2390400.0,9,2025-03-01,1.08,2025-04-01,False
NX-00197,North America,US / Canada,False,2024-06-01,61.2,5079600.0,3809700.0,11,2025-05-01,0.0,2025-05-01,False
NX-00198,North America,US / Canada,False,2024-06-01,11.5,954500.0,715875.0,7,2025-01-01,0.49,2025-01-01,False
NX-00199,North America,US / Canada,False,2024-06-01,16.8,1394400.0,1045800.0,9,2025-03-01,0.0,2025-03-01,False
NX-00200,North America,US / Canada,False,2024-06-01,9.9,821700.0,616275.0,5,2024-11-01,1.6,2025-01-01,False
NX-00201,North America,US / Canada,False,2024-06-01,62.8,5212400.0,3909300.0,6,2024-12-01,0.36,2024-12-01,False
NX-00202,North America,US / Canada,False,2024-06-01,29.6,2456800.0,1842600.0,6,2024-12-01,0.2,2024-12-01,False
NX-00203,North America,US / Canada,False,2024-06-01,76.0,6308000.0,4731000.0,6,2024-12-01,0.0,2024-12-01,False
NX-00204,North America,US / Canada,False,2024-06-01,21.4,1776199.9999999998,1332149.9999999998,7,2025-01-01,0.01,2025-01-01,False
NX-00205,North America,US / Canada,False,2024-06-01,4.7,390100.0,292575.0,7,2025-01-01,0.0,2025-01-01,False
NX-00206,North America,US / Canada,False,2024-06-01,7.9,655700.0,491775.0,7,2025-01-01,0.09,2025-01-01,False
NX-00207,North America,US / Canada,False,2024-06-01,17.4,1444199.9999999998,1083149.9999999998,11,2025-05-01,0.01,2025-05-01,False
NX-00208,North America,US / Canada,False,2024-06-01,11.0,913000.0,684750.0,7,2025-01-01,0.48,2025-01-01,False
NX-00209,EMEA,Europe,False,2024-06-01,39.2,3449600.0000000005,2587200.0000000005,9,2025-03-01,0.51,2025-04-01,False
NX-00210,EMEA,Europe,False,2024-06-01,6.1,536800.0,402600.0,9,2025-03-01,0.64,2025-04-01,False
NX-00211,EMEA,MENA,False,2024-06-01,13.2,1069200.0,801900.0,6,2024-12-01,2.19,2025-02-01,False
NX-00212,APAC,India,True,2024-06-01,17.3,1228300.0,921225.0,10,2025-04-01,3.38,2025-07-01,False
NX-00213,APAC,India,True,2024-06-01,12.3,873300.0,654975.0,11,2025-05-01,2.94,,True
NX-00214,APAC,India,True,2024-06-01,4.9,347900.0,260925.0,8,2025-02-01,0.22,2025-02-01,False
NX-00215,APAC,India,True,2024-06-01,7.7,546700.0,410025.0,11,2025-05-01,1.71,2025-07-01,False
NX-00216,APAC,India,True,2024-06-01,11.9,844900.0,633675.0,7,2025-01-01,18.0,2026-07-01,False
NX-00217,APAC,Australia/SEA,False,2024-06-01,34.1,2864400.0,2148300.0,8,2025-02-01,4.2,2025-06-01,False
NX-00218,LATAM,LATAM,False,2024-06-01,5.5,434500.0,325875.0,6,2024-12-01,0.6,2025-01-01,False
NX-00219,LATAM,LATAM,False,2024-06-01,13.4,1058600.0,793950.0,11,2025-05-01,0.37,2025-05-01,False
NX-00220,LATAM,LATAM,False,2024-06-01,19.4,1532600.0,1149450.0,5,2024-11-01,0.04,2024-11-01,False
NX-00221,LATAM,LATAM,False,2024-06-01,12.5,987500.0,740625.0,6,2024-12-01,0.0,2024-12-01,False
NX-00222,LATAM,LATAM,False,2024-06-01,73.6,5814400.0,4360800.0,10,2025-04-01,0.27,2025-04-01,False
NX-00223,North America,US / Canada,False,2024-07-01,11.5,954500.0,715875.0,5,2024-12-01,0.26,2024-12-01,False
NX-00224,North America,US / Canada,False,2024-07-01,21.2,1759600.0,1319700.0,11,2025-06-01,1.72,2025-08-01,False
NX-00225,North America,US / Canada,False,2024-07-01,7.8,647400.0,485550.0,10,2025-05-01,0.15,2025-05-01,False
NX-00226,North America,US / Canada,False,2024-07-01,43.9,3643700.0,2732775.0,9,2025-04-01,0.04,2025-04-01,False
NX-00227,North America,US / Canada,False,2024-07-01,20.7,1718100.0,1288575.0,10,2025-05-01,0.03,2025-05-01,False
NX-00228,North America,US / Canada,False,2024-07-01,0.7,58099.99999999999,43574.99999999999,6,2025-01-01,0.11,2025-01-01,False
NX-00229,North America,US / Canada,False,2024-07-01,7.7,639100.0,479325.0,7,2025-02-01,1.41,2025-03-01,False
NX-00230,North America,US / Canada,False,2024-07-01,13.2,1095600.0,821700.0,7,2025-02-01,0.36,,True
NX-00231,North America,US / Canada,False,2024-07-01,10.2,846599.9999999999,634949.9999999999,8,2025-03-01,0.0,2025-03-01,False
NX-00232,North America,US / Canada,False,2024-07-01,13.0,1079000.0,809250.0,7,2025-02-01,0.17,2025-02-01,False
NX-00233,North America,US / Canada,False,2024-07-01,25.6,2124800.0,1593600.0,10,2025-05-01,0.0,2025-05-01,False
NX-00234,North America,US / Canada,False,2024-07-01,32.7,2714100.0000000005,2035575.0000000005,6,2025-01-01,7.77,2025-09-01,False
NX-00235,North America,US / Canada,False,2024-07-01,39.8,3303399.9999999995,2477549.9999999995,7,2025-02-01,0.01,2025-02-01,False
NX-00236,North America,US / Canada,False,2024-07-01,46.2,3834600.0000000005,2875950.0000000005,10,2025-05-01,0.0,2025-05-01,False
NX-00237,North America,US / Canada,False,2024-07-01,51.3,4257900.0,3193425.0,10,2025-05-01,1.39,2025-06-01,False
NX-00238,North America,US / Canada,False,2024-07-01,10.9,904700.0,678525.0,6,2025-01-01,0.01,2025-01-01,False
NX-00239,North America,US / Canada,False,2024-07-01,11.4,946200.0,709650.0,7,2025-02-01,0.39,2025-02-01,False
NX-00240,North America,US / Canada,False,2024-07-01,9.3,771900.0000000001,578925.0000000001,6,2025-01-01,0.04,2025-01-01,False
NX-00241,North America,US / Canada,False,2024-07-01,30.9,2564700.0,1923525.0,6,2025-01-01,0.0,2025-01-01,False
NX-00242,North America,US / Canada,False,2024-07-01,18.2,1510600.0,1132950.0,9,2025-04-01,0.0,2025-04-01,False
NX-00243,North America,US / Canada,False,2024-07-01,25.3,2099900.0,1574925.0,8,2025-03-01,0.0,2025-03-01,False
NX-00244,North America,US / Canada,False,2024-07-01,12.8,1062400.0,796800.0,6,2025-01-01,0.0,2025-01-01,False
NX-00245,EMEA,Europe,False,2024-07-01,10.5,924000.0,693000.0,11,2025-06-01,0.02,2025-06-01,False
NX-00246,EMEA,Europe,False,2024-07-01,9.7,853599.9999999999,640199.9999999999,5,2024-12-01,7.56,2025-08-01,False
NX-00247,EMEA,Europe,False,2024-07-01,3.0,264000.0,198000.0,10,2025-05-01,0.58,2025-06-01,False
NX-00248,EMEA,Europe,False,2024-07-01,20.8,1830400.0,1372800.0,11,2025-06-01,0.47,2025-06-01,False
NX-00249,EMEA,MENA,False,2024-07-01,21.1,1709100.0,1281825.0,6,2025-01-01,5.6,2025-07-01,False
NX-00250,EMEA,MENA,False,2024-07-01,8.1,656100.0,492075.0,6,2025-01-01,0.64,2025-02-01,False
NX-00251,EMEA,MENA,False,2024-07-01,3.8,307800.0,230850.0,7,2025-02-01,1.73,,True
NX-00252,EMEA,MENA,False,2024-07-01,17.9,1449900.0,1087425.0,9,2025-04-01,1.05,2025-05-01,False
NX-00253,APAC,India,True,2024-07-01,7.6,539600.0,404700.0,10,2025-05-01,1.39,,True
NX-00254,APAC,India,True,2024-07-01,11.3,802300.0,601725.0,6,2025-01-01,3.85,2025-05-01,False
NX-00255,LATAM,LATAM,False,2024-07-01,7.4,584600.0,438450.0,6,2025-01-01,0.13,2025-01-01,False
NX-00256,North America,US / Canada,False,2024-08-01,60.8,5046400.0,3784800.0,8,2025-04-01,1.04,2025-05-01,False
NX-00257,North America,US / Canada,False,2024-08-01,15.8,1311400.0,983550.0,8,2025-04-01,0.62,2025-05-01,False
NX-00258,North America,US / Canada,False,2024-08-01,11.7,971099.9999999999,728324.9999999999,10,2025-06-01,0.0,2025-06-01,False
NX-00259,North America,US / Canada,False,2024-08-01,7.5,622500.0,466875.0,8,2025-04-01,0.0,2025-04-01,False
NX-00260,North America,US / Canada,False,2024-08-01,12.6,1045800.0,784350.0,7,2025-03-01,0.45,2025-03-01,False
NX-00261,North America,US / Canada,False,2024-08-01,11.1,921300.0,690975.0,9,2025-05-01,0.0,2025-05-01,False
NX-00262,North America,US / Canada,False,2024-08-01,12.0,996000.0,747000.0,6,2025-02-01,2.68,2025-05-01,False
NX-00263,North America,US / Canada,False,2024-08-01,19.6,1626800.0000000002,1220100.0000000002,7,2025-03-01,0.07,2025-03-01,False
NX-00264,North America,US / Canada,False,2024-08-01,9.9,821700.0,616275.0,10,2025-06-01,0.0,2025-06-01,False
NX-00265,North America,US / Canada,False,2024-08-01,7.2,597600.0,448200.0,10,2025-06-01,0.21,2025-06-01,False
NX-00266,North America,US / Canada,False,2024-08-01,51.3,4257900.0,3193425.0,5,2025-01-01,0.0,2025-01-01,False
NX-00267,North America,US / Canada,False,2024-08-01,10.2,846599.9999999999,634949.9999999999,7,2025-03-01,0.05,2025-03-01,False
NX-00268,North America,US / Canada,False,2024-08-01,52.5,4357500.0,3268125.0,6,2025-02-01,5.34,2025-07-01,False
NX-00269,North America,US / Canada,False,2024-08-01,37.7,3129100.0000000005,2346825.0000000005,9,2025-05-01,0.0,2025-05-01,False
NX-00270,North America,US / Canada,False,2024-08-01,29.0,2407000.0,1805250.0,9,2025-05-01,0.05,2025-05-01,False
NX-00271,North America,US / Canada,False,2024-08-01,6.0,498000.0,373500.0,11,2025-07-01,0.82,2025-08-01,False
NX-00272,EMEA,Europe,False,2024-08-01,14.2,1249600.0,937200.0,8,2025-04-01,0.53,2025-05-01,False
NX-00273,EMEA,Europe,False,2024-08-01,43.6,3836800.0,2877600.0,7,2025-03-01,1.11,2025-04-01,False
NX-00274,EMEA,Europe,False,2024-08-01,9.7,853599.9999999999,640199.9999999999,5,2025-01-01,0.32,2025-01-01,False
NX-00275,EMEA,Europe,False,2024-08-01,9.6,844800.0,633600.0,5,2025-01-01,0.04,2025-01-01,False
NX-00276,EMEA,MENA,False,2024-08-01,14.9,1206900.0,905175.0,7,2025-03-01,0.34,2025-03-01,False
NX-00277,APAC,India,True,2024-08-01,13.4,951400.0,713550.0,6,2025-02-01,8.66,2025-11-01,False
NX-00278,APAC,India,True,2024-08-01,3.9,276900.0,207675.0,7,2025-03-01,2.51,2025-06-01,False
NX-00279,APAC,India,True,2024-08-01,65.8,4671800.0,3503850.0,5,2025-01-01,0.54,2025-02-01,False
NX-00280,APAC,Australia/SEA,False,2024-08-01,23.0,1932000.0,1449000.0,10,2025-06-01,1.24,2025-07-01,False
NX-00281,LATAM,LATAM,False,2024-08-01,18.7,1477300.0,1107975.0,10,2025-06-01,1.75,2025-08-01,False
NX-00282,LATAM,LATAM,False,2024-08-01,72.3,5711700.0,4283775.0,5,2025-01-01,0.07,2025-01-01,False
NX-00283,North America,US / Canada,False,2024-09-01,15.6,1294800.0,971100.0,11,2025-08-01,0.08,2025-08-01,False
NX-00284,North America,US / Canada,False,2024-09-01,6.0,498000.0,373500.0,11,2025-08-01,0.0,2025-08-01,False
NX-00285,North America,US / Canada,False,2024-09-01,22.5,1867500.0,1400625.0,7,2025-04-01,0.08,2025-04-01,False
NX-00286,North America,US / Canada,False,2024-09-01,10.6,879800.0,659850.0,8,2025-05-01,0.01,2025-05-01,False
NX-00287,North America,US / Canada,False,2024-09-01,5.2,431600.0,323700.0,6,2025-03-01,0.0,2025-03-01,False
NX-00288,North America,US / Canada,False,2024-09-01,17.9,1485699.9999999998,1114274.9999999998,7,2025-04-01,0.27,2025-04-01,False
NX-00289,North America,US / Canada,False,2024-09-01,9.4,780200.0,585150.0,5,2025-02-01,3.61,2025-06-01,False
NX-00290,North America,US / Canada,False,2024-09-01,23.5,1950500.0,1462875.0,11,2025-08-01,0.56,2025-09-01,False
NX-00291,North America,US / Canada,False,2024-09-01,8.8,730400.0000000001,547800.0000000001,6,2025-03-01,0.0,2025-03-01,False
NX-00292,North America,US / Canada,False,2024-09-01,32.5,2697500.0,2023125.0,8,2025-05-01,9.04,2026-02-01,False
NX-00293,North America,US / Canada,False,2024-09-01,21.5,1784500.0,1338375.0,5,2025-02-01,1.56,2025-04-01,False
NX-00294,North America,US / Canada,False,2024-09-01,12.7,1054100.0,790575.0,9,2025-06-01,2.66,2025-09-01,False
NX-00295,North America,US / Canada,False,2024-09-01,8.9,738700.0,554025.0,7,2025-04-01,4.7,2025-09-01,False
NX-00296,North America,US / Canada,False,2024-09-01,10.6,879800.0,659850.0,9,2025-06-01,0.02,2025-06-01,False
NX-00297,North America,US / Canada,False,2024-09-01,10.7,888099.9999999999,666074.9999999999,8,2025-05-01,0.1,2025-05-01,False
NX-00298,North America,US / Canada,False,2024-09-01,14.6,1211800.0,908850.0,6,2025-03-01,1.91,2025-05-01,False
NX-00299,North America,US / Canada,False,2024-09-01,6.9,572700.0,429525.0,8,2025-05-01,0.32,2025-05-01,False
NX-00300,North America,US / Canada,False,2024-09-01,19.9,1651699.9999999998,1238774.9999999998,7,2025-04-01,0.0,2025-04-01,False
NX-00301,North America,US / Canada,False,2024-09-01,40.8,3386399.9999999995,2539799.9999999995,7,2025-04-01,1.62,2025-06-01,False
NX-00302,EMEA,Europe,False,2024-09-01,10.7,941599.9999999999,706199.9999999999,10,2025-07-01,0.01,2025-07-01,False
NX-00303,EMEA,Europe,False,2024-09-01,17.9,1575199.9999999998,1181399.9999999998,6,2025-03-01,0.04,2025-03-01,False
NX-00304,EMEA,Europe,False,2024-09-01,10.7,941599.9999999999,706199.9999999999,5,2025-02-01,0.1,2025-02-01,False
NX-00305,EMEA,Europe,False,2024-09-01,12.5,1100000.0,825000.0,9,2025-06-01,0.07,2025-06-01,False
NX-00306,LATAM,LATAM,False,2024-09-01,44.2,3491800.0,2618850.0,8,2025-05-01,3.27,2025-08-01,False
NX-00307,North America,US / Canada,False,2024-10-01,14.7,1220100.0,915075.0,8,2025-06-01,0.0,2025-06-01,False
NX-00308,North America,US / Canada,False,2024-10-01,6.7,556100.0,417075.0,8,2025-06-01,0.01,2025-06-01,False
NX-00309,North America,US / Canada,False,2024-10-01,7.2,597600.0,448200.0,7,2025-05-01,0.0,2025-05-01,False
NX-00310,North America,US / Canada,False,2024-10-01,32.6,2705800.0,2029350.0,10,2025-08-01,7.52,2026-04-01,False
NX-00311,North America,US / Canada,False,2024-10-01,14.6,1211800.0,908850.0,6,2025-04-01,0.0,2025-04-01,False
NX-00312,North America,US / Canada,False,2024-10-01,10.4,863200.0,647400.0,10,2025-08-01,0.01,2025-08-01,False
NX-00313,North America,US / Canada,False,2024-10-01,10.3,854900.0000000001,641175.0000000001,11,2025-09-01,0.29,2025-09-01,False
NX-00314,North America,US / Canada,False,2024-10-01,7.2,597600.0,448200.0,5,2025-03-01,0.0,2025-03-01,False
NX-00315,North America,US / Canada,False,2024-10-01,5.8,481400.0,361050.0,9,2025-07-01,0.0,2025-07-01,False
NX-00316,North America,US / Canada,False,2024-10-01,29.1,2415300.0,1811475.0,7,2025-05-01,0.0,2025-05-01,False
NX-00317,North America,US / Canada,False,2024-10-01,24.6,2041800.0000000002,1531350.0000000002,10,2025-08-01,0.1,2025-08-01,False
NX-00318,North America,US / Canada,False,2024-10-01,18.8,1560400.0,1170300.0,9,2025-07-01,1.53,2025-09-01,False
NX-00319,North America,US / Canada,False,2024-10-01,14.8,1228400.0,921300.0,7,2025-05-01,0.41,2025-05-01,False
NX-00320,North America,US / Canada,False,2024-10-01,7.0,581000.0,435750.0,5,2025-03-01,0.63,2025-04-01,False
NX-00321,North America,US / Canada,False,2024-10-01,1.4,116199.99999999999,87149.99999999999,11,2025-09-01,3.39,2025-12-01,False
NX-00322,North America,US / Canada,False,2024-10-01,29.9,2481700.0,1861275.0,8,2025-06-01,0.01,2025-06-01,False
NX-00323,North America,US / Canada,False,2024-10-01,33.1,2747300.0,2060475.0,8,2025-06-01,0.34,2025-06-01,False
NX-00324,North America,US / Canada,False,2024-10-01,18.0,1494000.0,1120500.0,11,2025-09-01,0.14,2025-09-01,False
NX-00325,North America,US / Canada,False,2024-10-01,18.9,1568699.9999999998,1176524.9999999998,5,2025-03-01,0.31,2025-03-01,False
NX-00326,North America,US / Canada,False,2024-10-01,13.4,1112200.0,834150.0,8,2025-06-01,0.75,2025-07-01,False
NX-00327,North America,US / Canada,False,2024-10-01,8.3,688900.0000000001,516675.0000000001,6,2025-04-01,0.0,2025-04-01,False
NX-00328,North America,US / Canada,False,2024-10-01,15.2,1261600.0,946200.0,7,2025-05-01,0.0,2025-05-01,False
NX-00329,North America,US / Canada,False,2024-10-01,9.7,805099.9999999999,603824.9999999999,11,2025-09-01,0.02,2025-09-01,False
NX-00330,EMEA,Europe,False,2024-10-01,10.3,906400.0000000001,679800.0000000001,10,2025-08-01,0.15,2025-08-01,False
NX-00331,EMEA,MENA,False,2024-10-01,28.8,2332800.0,1749600.0,5,2025-03-01,0.19,2025-03-01,False
NX-00332,APAC,India,True,2024-10-01,12.7,901700.0,676275.0,6,2025-04-01,0.93,2025-05-01,False
NX-00333,APAC,India,True,2024-10-01,16.0,1136000.0,852000.0,5,2025-03-01,2.66,2025-06-01,False
NX-00334,APAC,India,True,2024-10-01,45.8,3251800.0,2438850.0,9,2025-07-01,2.75,2025-10-01,False
NX-00335,APAC,Australia/SEA,False,2024-10-01,16.5,1386000.0,1039500.0,11,2025-09-01,0.88,2025-10-01,False
NX-00336,APAC,Australia/SEA,False,2024-10-01,19.8,1663200.0,1247400.0,6,2025-04-01,0.1,2025-04-01,False
NX-00337,LATAM,LATAM,False,2024-10-01,8.8,695200.0,521400.0,11,2025-09-01,0.83,2025-10-01,False
NX-00338,North America,US / Canada,False,2024-11-01,4.3,356900.0,267675.0,11,2025-10-01,0.01,2025-10-01,False
NX-00339,North America,US / Canada,False,2024-11-01,8.5,705500.0,529125.0,6,2025-05-01,0.43,2025-05-01,False
NX-00340,North America,US / Canada,False,2024-11-01,11.2,929599.9999999999,697199.9999999999,10,2025-09-01,0.41,2025-09-01,False
NX-00341,North America,US / Canada,False,2024-11-01,3.9,323700.0,242775.0,10,2025-09-01,0.13,2025-09-01,False
NX-00342,North America,US / Canada,False,2024-11-01,20.7,1718100.0,1288575.0,10,2025-09-01,1.35,2025-10-01,False
NX-00343,North America,US / Canada,False,2024-11-01,4.4,365200.00000000006,273900.00000000006,10,2025-09-01,0.0,2025-09-01,False
NX-00344,North America,US / Canada,False,2024-11-01,7.5,622500.0,466875.0,10,2025-09-01,0.01,2025-09-01,False
NX-00345,North America,US / Canada,False,2024-11-01,28.7,2382100.0,1786575.0,7,2025-06-01,0.05,2025-06-01,False
NX-00346,North America,US / Canada,False,2024-11-01,30.2,2506600.0,1879950.0,9,2025-08-01,0.68,2025-09-01,False
NX-00347,North America,US / Canada,False,2024-11-01,13.2,1095600.0,821700.0,9,2025-08-01,0.0,2025-08-01,False
NX-00348,North America,US / Canada,False,2024-11-01,21.8,1809400.0,1357050.0,6,2025-05-01,0.01,,True
NX-00349,North America,US / Canada,False,2024-11-01,23.0,1909000.0,1431750.0,5,2025-04-01,0.0,2025-04-01,False
NX-00350,North America,US / Canada,False,2024-11-01,22.3,1850900.0,1388175.0,9,2025-08-01,0.0,2025-08-01,False
NX-00351,North America,US / Canada,False,2024-11-01,16.8,1394400.0,1045800.0,11,2025-10-01,0.08,2025-10-01,False
NX-00352,North America,US / Canada,False,2024-11-01,42.9,3560700.0,2670525.0,7,2025-06-01,0.01,2025-06-01,False
NX-00353,North America,US / Canada,False,2024-11-01,8.0,664000.0,498000.0,7,2025-06-01,0.01,2025-06-01,False
NX-00354,North America,US / Canada,False,2024-11-01,15.7,1303100.0,977325.0,10,2025-09-01,0.58,2025-10-01,False
NX-00355,North America,US / Canada,False,2024-11-01,114.9,9536700.0,7152525.0,11,2025-10-01,0.03,2025-10-01,False
NX-00356,North America,US / Canada,False,2024-11-01,6.1,506299.99999999994,379724.99999999994,10,2025-09-01,0.27,2025-09-01,False
NX-00357,North America,US / Canada,False,2024-11-01,13.2,1095600.0,821700.0,9,2025-08-01,0.09,2025-08-01,False
NX-00358,North America,US / Canada,False,2024-11-01,14.5,1203500.0,902625.0,5,2025-04-01,0.0,2025-04-01,False
NX-00359,EMEA,Europe,False,2024-11-01,5.9,519200.00000000006,389400.00000000006,9,2025-08-01,0.06,2025-08-01,False
NX-00360,EMEA,Europe,False,2024-11-01,27.4,2411200.0,1808400.0,7,2025-06-01,0.0,2025-06-01,False
NX-00361,EMEA,Europe,False,2024-11-01,6.0,528000.0,396000.0,8,2025-07-01,0.09,2025-07-01,False
NX-00362,APAC,India,True,2024-11-01,9.1,646100.0,484575.0,7,2025-06-01,8.02,,True
NX-00363,APAC,India,True,2024-11-01,8.4,596400.0,447300.0,9,2025-08-01,1.58,2025-10-01,False
NX-00364,APAC,Australia/SEA,False,2024-11-01,9.2,772799.9999999999,579599.9999999999,11,2025-10-01,2.93,2026-01-01,False
NX-00365,North America,US / Canada,False,2024-12-01,8.7,722099.9999999999,541574.9999999999,9,2025-09-01,0.3,2025-09-01,False
NX-00366,North America,US / Canada,False,2024-12-01,12.2,1012599.9999999999,759449.9999999999,9,2025-09-01,0.0,2025-09-01,False
NX-00367,North America,US / Canada,False,2024-12-01,9.8,813400.0000000001,610050.0000000001,9,2025-09-01,0.03,2025-09-01,False
NX-00368,North America,US / Canada,False,2024-12-01,8.0,664000.0,498000.0,5,2025-05-01,0.23,2025-05-01,False
NX-00369,North America,US / Canada,False,2024-12-01,22.1,1834300.0000000002,1375725.0000000002,10,2025-10-01,0.09,2025-10-01,False
NX-00370,North America,US / Canada,False,2024-12-01,7.4,614200.0,460650.0,10,2025-10-01,0.1,2025-10-01,False
NX-00371,North America,US / Canada,False,2024-12-01,11.2,929599.9999999999,697199.9999999999,9,2025-09-01,0.0,,True
NX-00372,North America,US / Canada,False,2024-12-01,11.4,946200.0,709650.0,8,2025-08-01,0.02,2025-08-01,False
NX-00373,North America,US / Canada,False,2024-12-01,12.4,1029200.0,771900.0,9,2025-09-01,2.85,2025-12-01,False
NX-00374,North America,US / Canada,False,2024-12-01,8.2,680599.9999999999,510449.9999999999,5,2025-05-01,1.32,2025-06-01,False
NX-00375,North America,US / Canada,False,2024-12-01,7.5,622500.0,466875.0,11,2025-11-01,0.0,2025-11-01,False
NX-00376,North America,US / Canada,False,2024-12-01,15.0,1245000.0,933750.0,7,2025-07-01,0.0,,True
NX-00377,North America,US / Canada,False,2024-12-01,24.1,2000300.0000000002,1500225.0000000002,5,2025-05-01,0.07,2025-05-01,False
NX-00378,North America,US / Canada,False,2024-12-01,4.0,332000.0,249000.0,5,2025-05-01,0.26,2025-05-01,False
NX-00379,North America,US / Canada,False,2024-12-01,13.8,1145400.0,859050.0,7,2025-07-01,0.0,2025-07-01,False
NX-00380,North America,US / Canada,False,2024-12-01,18.8,1560400.0,1170300.0,11,2025-11-01,0.06,2025-11-01,False
NX-00381,North America,US / Canada,False,2024-12-01,6.3,522900.0,392175.0,7,2025-07-01,0.16,2025-07-01,False
NX-00382,North America,US / Canada,False,2024-12-01,11.8,979400.0000000001,734550.0000000001,9,2025-09-01,2.75,2025-12-01,False
NX-00383,North America,US / Canada,False,2024-12-01,12.5,1037500.0,778125.0,7,2025-07-01,0.06,2025-07-01,False
NX-00384,North America,US / Canada,False,2024-12-01,12.6,1045800.0,784350.0,7,2025-07-01,0.0,2025-07-01,False
NX-00385,North America,US / Canada,False,2024-12-01,5.7,473100.0,354825.0,11,2025-11-01,0.01,2025-11-01,False
NX-00386,North America,US / Canada,False,2024-12-01,20.6,1709800.0000000002,1282350.0000000002,11,2025-11-01,0.21,2025-11-01,False
NX-00387,North America,US / Canada,False,2024-12-01,9.6,796800.0,597600.0,8,2025-08-01,0.85,2025-09-01,False
NX-00388,North America,US / Canada,False,2024-12-01,5.1,423299.99999999994,317474.99999999994,9,2025-09-01,0.0,2025-09-01,False
NX-00389,EMEA,Europe,False,2024-12-01,7.1,624800.0,468600.0,11,2025-11-01,0.16,2025-11-01,False
NX-00390,EMEA,Europe,False,2024-12-01,37.5,3300000.0,2475000.0,7,2025-07-01,4.87,2025-12-01,False
NX-00391,EMEA,MENA,False,2024-12-01,10.8,874800.0,656100.0,6,2025-06-01,2.73,2025-09-01,False
NX-00392,EMEA,MENA,False,2024-12-01,8.1,656100.0,492075.0,7,2025-07-01,1.23,2025-08-01,False
NX-00393,APAC,India,True,2024-12-01,35.0,2485000.0,1863750.0,7,2025-07-01,0.57,2025-08-01,False
NX-00394,APAC,Australia/SEA,False,2024-12-01,62.8,5275200.0,3956400.0,8,2025-08-01,0.91,,True
NX-00395,LATAM,LATAM,False,2024-12-01,8.6,679400.0,509550.0,10,2025-10-01,2.93,2026-01-01,False
NX-00396,LATAM,LATAM,False,2024-12-01,3.5,276500.0,207375.0,8,2025-08-01,0.7,2025-09-01,False
NX-00397,North America,US / Canada,False,2025-01-01,28.2,2340600.0,1755450.0,7,2025-08-01,1.78,2025-10-01,False
NX-00398,North America,US / Canada,False,2025-01-01,12.4,1029200.0,771900.0,8,2025-09-01,0.05,2025-09-01,False
NX-00399,North America,US / Canada,False,2025-01-01,27.0,2241000.0,1680750.0,9,2025-10-01,0.0,2025-10-01,False
NX-00400,North America,US / Canada,False,2025-01-01,66.1,5486299.999999999,4114724.999999999,10,2025-11-01,0.0,2025-11-01,False
NX-00401,North America,US / Canada,False,2025-01-01,30.7,2548100.0,1911075.0,10,2025-11-01,0.0,2025-11-01,False
NX-00402,North America,US / Canada,False,2025-01-01,10.4,863200.0,647400.0,6,2025-07-01,0.0,2025-07-01,False
NX-00403,North America,US / Canada,False,2025-01-01,11.0,913000.0,684750.0,11,2025-12-01,0.04,2025-12-01,False
NX-00404,North America,US / Canada,False,2025-01-01,8.5,705500.0,529125.0,11,2025-12-01,1.98,2026-02-01,False
NX-00405,North America,US / Canada,False,2025-01-01,21.4,1776199.9999999998,1332149.9999999998,7,2025-08-01,0.0,2025-08-01,False
NX-00406,North America,US / Canada,False,2025-01-01,33.9,2813700.0,2110275.0,6,2025-07-01,0.51,2025-08-01,False
NX-00407,North America,US / Canada,False,2025-01-01,3.9,323700.0,242775.0,11,2025-12-01,0.01,2025-12-01,False
NX-00408,North America,US / Canada,False,2025-01-01,17.4,1444199.9999999998,1083149.9999999998,10,2025-11-01,0.06,2025-11-01,False
NX-00409,North America,US / Canada,False,2025-01-01,30.3,2514900.0,1886175.0,6,2025-07-01,0.01,2025-07-01,False
NX-00410,North America,US / Canada,False,2025-01-01,14.1,1170300.0,877725.0,7,2025-08-01,0.0,2025-08-01,False
NX-00411,North America,US / Canada,False,2025-01-01,17.4,1444199.9999999998,1083149.9999999998,5,2025-06-01,0.0,2025-06-01,False
NX-00412,North America,US / Canada,False,2025-01-01,67.5,5602500.0,4201875.0,9,2025-10-01,0.05,2025-10-01,False
NX-00413,North America,US / Canada,False,2025-01-01,2.1,174300.0,130725.0,7,2025-08-01,0.05,2025-08-01,False
NX-00414,North America,US / Canada,False,2025-01-01,15.6,1294800.0,971100.0,5,2025-06-01,0.11,2025-06-01,False
NX-00415,North America,US / Canada,False,2025-01-01,28.4,2357200.0,1767900.0,5,2025-06-01,0.0,2025-06-01,False
NX-00416,North America,US / Canada,False,2025-01-01,12.8,1062400.0,796800.0,9,2025-10-01,0.01,2025-10-01,False
NX-00417,North America,US / Canada,False,2025-01-01,6.8,564400.0,423300.0,10,2025-11-01,0.0,2025-11-01,False
NX-00418,North America,US / Canada,False,2025-01-01,4.6,381799.99999999994,286349.99999999994,6,2025-07-01,0.59,2025-08-01,False
NX-00419,North America,US / Canada,False,2025-01-01,6.6,547800.0,410850.0,10,2025-11-01,0.48,2025-11-01,False
NX-00420,North America,US / Canada,False,2025-01-01,7.7,639100.0,479325.0,5,2025-06-01,2.64,2025-09-01,False
NX-00421,North America,US / Canada,False,2025-01-01,13.0,1079000.0,809250.0,6,2025-07-01,1.41,2025-08-01,False
NX-00422,North America,US / Canada,False,2025-01-01,8.6,713800.0,535350.0,7,2025-08-01,0.06,2025-08-01,False
NX-00423,North America,US / Canada,False,2025-01-01,14.7,1220100.0,915075.0,7,2025-08-01,0.04,2025-08-01,False
NX-00424,North America,US / Canada,False,2025-01-01,11.2,929599.9999999999,697199.9999999999,7,2025-08-01,0.32,2025-08-01,False
NX-00425,North America,US / Canada,False,2025-01-01,7.9,655700.0,491775.0,7,2025-08-01,1.97,2025-10-01,False
NX-00426,EMEA,MENA,False,2025-01-01,7.3,591300.0,443475.0,6,2025-07-01,0.16,2025-07-01,False
NX-00427,EMEA,MENA,False,2025-01-01,28.8,2332800.0,1749600.0,10,2025-11-01,2.51,,True
NX-00428,APAC,India,True,2025-01-01,3.4,241400.0,181050.0,9,2025-10-01,4.84,2026-03-01,False
NX-00429,APAC,India,True,2025-01-01,15.0,1065000.0,798750.0,8,2025-09-01,0.49,2025-09-01,False
NX-00430,APAC,Australia/SEA,False,2025-01-01,4.7,394800.0,296100.0,7,2025-08-01,0.04,2025-08-01,False
NX-00431,APAC,Australia/SEA,False,2025-01-01,29.8,2503200.0,1877400.0,8,2025-09-01,0.0,2025-09-01,False
NX-00432,LATAM,LATAM,False,2025-01-01,13.8,1090200.0,817650.0,6,2025-07-01,0.19,2025-07-01,False
NX-00433,LATAM,LATAM,False,2025-01-01,10.3,813700.0,610275.0,8,2025-09-01,0.2,2025-09-01,False
NX-00434,LATAM,LATAM,False,2025-01-01,7.6,600400.0,450300.0,8,2025-09-01,0.0,2025-09-01,False
NX-00435,North America,US / Canada,False,2025-02-01,14.3,1186900.0,890175.0,8,2025-10-01,0.31,2025-10-01,False
NX-00436,North America,US / Canada,False,2025-02-01,6.0,498000.0,373500.0,11,2026-01-01,0.0,2026-01-01,False
NX-00437,North America,US / Canada,False,2025-02-01,26.7,2216100.0,1662075.0,5,2025-07-01,0.65,2025-08-01,False
NX-00438,North America,US / Canada,False,2025-02-01,12.7,1054100.0,790575.0,9,2025-11-01,0.02,2025-11-01,False
NX-00439,North America,US / Canada,False,2025-02-01,19.8,1643400.0,1232550.0,9,2025-11-01,0.9,2025-12-01,False
NX-00440,North America,US / Canada,False,2025-02-01,8.9,738700.0,554025.0,9,2025-11-01,0.65,2025-12-01,False
NX-00441,North America,US / Canada,False,2025-02-01,11.6,962800.0,722100.0,9,2025-11-01,0.98,2025-12-01,False
NX-00442,North America,US / Canada,False,2025-02-01,10.9,904700.0,678525.0,9,2025-11-01,6.94,2026-06-01,False
NX-00443,North America,US / Canada,False,2025-02-01,7.6,630800.0,473100.0,10,2025-12-01,0.68,2026-01-01,False
NX-00444,North America,US / Canada,False,2025-02-01,15.5,1286500.0,964875.0,11,2026-01-01,0.0,2026-01-01,False
NX-00445,North America,US / Canada,False,2025-02-01,9.7,805099.9999999999,603824.9999999999,9,2025-11-01,0.03,2025-11-01,False
NX-00446,North America,US / Canada,False,2025-02-01,26.6,2207800.0,1655850.0,10,2025-12-01,0.0,2025-12-01,False
NX-00447,North America,US / Canada,False,2025-02-01,12.7,1054100.0,790575.0,7,2025-09-01,0.0,2025-09-01,False
NX-00448,North America,US / Canada,False,2025-02-01,21.8,1809400.0,1357050.0,8,2025-10-01,0.97,2025-11-01,False
NX-00449,North America,US / Canada,False,2025-02-01,7.2,597600.0,448200.0,8,2025-10-01,0.0,2025-10-01,False
NX-00450,North America,US / Canada,False,2025-02-01,4.3,356900.0,267675.0,5,2025-07-01,0.02,2025-07-01,False
NX-00451,North America,US / Canada,False,2025-02-01,6.7,556100.0,417075.0,7,2025-09-01,0.06,2025-09-01,False
NX-00452,North America,US / Canada,False,2025-02-01,13.2,1095600.0,821700.0,10,2025-12-01,0.02,2025-12-01,False
NX-00453,North America,US / Canada,False,2025-02-01,6.8,564400.0,423300.0,10,2025-12-01,0.03,2025-12-01,False
NX-00454,North America,US / Canada,False,2025-02-01,12.5,1037500.0,778125.0,10,2025-12-01,0.0,2025-12-01,False
NX-00455,North America,US / Canada,False,2025-02-01,54.6,4531800.0,3398850.0,5,2025-07-01,0.7,2025-08-01,False
NX-00456,North America,US / Canada,False,2025-02-01,22.3,1850900.0,1388175.0,11,2026-01-01,4.15,2026-05-01,False
NX-00457,North America,US / Canada,False,2025-02-01,11.7,971099.9999999999,728324.9999999999,11,2026-01-01,0.01,2026-01-01,False
NX-00458,North America,US / Canada,False,2025-02-01,23.0,1909000.0,1431750.0,5,2025-07-01,0.17,2025-07-01,False
NX-00459,North America,US / Canada,False,2025-02-01,25.1,2083300.0000000002,1562475.0000000002,9,2025-11-01,0.0,2025-11-01,False
NX-00460,North America,US / Canada,False,2025-02-01,10.2,846599.9999999999,634949.9999999999,8,2025-10-01,0.0,2025-10-01,False
NX-00461,North America,US / Canada,False,2025-02-01,4.9,406700.00000000006,305025.00000000006,10,2025-12-01,0.0,2025-12-01,False
NX-00462,North America,US / Canada,False,2025-02-01,8.4,697200.0,522900.0,11,2026-01-01,0.62,2026-02-01,False
NX-00463,EMEA,Europe,False,2025-02-01,29.2,2569600.0,1927200.0,8,2025-10-01,0.32,2025-10-01,False
NX-00464,EMEA,Europe,False,2025-02-01,11.0,968000.0,726000.0,8,2025-10-01,0.0,2025-10-01,False
NX-00465,EMEA,Europe,False,2025-02-01,10.4,915200.0,686400.0,11,2026-01-01,0.66,2026-02-01,False
NX-00466,EMEA,Europe,False,2025-02-01,9.0,792000.0,594000.0,11,2026-01-01,0.0,2026-01-01,False
NX-00467,EMEA,Europe,False,2025-02-01,7.7,677600.0,508200.0,10,2025-12-01,0.93,2026-01-01,False
NX-00468,APAC,Australia/SEA,False,2025-02-01,13.6,1142400.0,856800.0,7,2025-09-01,1.98,2025-11-01,False
NX-00469,APAC,Australia/SEA,False,2025-02-01,40.9,3435600.0,2576700.0,9,2025-11-01,0.23,2025-11-01,False
NX-00470,APAC,Australia/SEA,False,2025-02-01,7.9,663600.0,497700.0,10,2025-12-01,1.18,,True
NX-00471,LATAM,LATAM,False,2025-02-01,14.5,1145500.0,859125.0,8,2025-10-01,0.58,2025-11-01,False
NX-00472,LATAM,LATAM,False,2025-02-01,9.0,711000.0,533250.0,6,2025-08-01,1.14,2025-09-01,False
NX-00473,North America,US / Canada,False,2025-03-01,8.0,664000.0,498000.0,7,2025-10-01,2.61,2026-01-01,False
NX-00474,North America,US / Canada,False,2025-03-01,8.8,730400.0000000001,547800.0000000001,5,2025-08-01,0.0,2025-08-01,False
NX-00475,North America,US / Canada,False,2025-03-01,28.3,2348900.0,1761675.0,7,2025-10-01,0.19,2025-10-01,False
NX-00476,North America,US / Canada,False,2025-03-01,17.6,1460800.0000000002,1095600.0000000002,10,2026-01-01,0.0,2026-01-01,False
NX-00477,North America,US / Canada,False,2025-03-01,3.9,323700.0,242775.0,7,2025-10-01,3.6,2026-02-01,False
NX-00478,North America,US / Canada,False,2025-03-01,27.7,2299100.0,1724325.0,11,2026-02-01,0.24,2026-02-01,False
NX-00479,North America,US / Canada,False,2025-03-01,6.2,514600.0,385950.0,11,2026-02-01,0.0,2026-02-01,False
NX-00480,North America,US / Canada,False,2025-03-01,8.3,688900.0000000001,516675.0000000001,6,2025-09-01,0.66,2025-10-01,False
NX-00481,North America,US / Canada,False,2025-03-01,18.1,1502300.0000000002,1126725.0000000002,10,2026-01-01,0.69,2026-02-01,False
NX-00482,North America,US / Canada,False,2025-03-01,2.9,240700.0,180525.0,7,2025-10-01,0.83,2025-11-01,False
NX-00483,North America,US / Canada,False,2025-03-01,22.1,1834300.0000000002,1375725.0000000002,5,2025-08-01,0.0,2025-08-01,False
NX-00484,North America,US / Canada,False,2025-03-01,25.2,2091600.0,1568700.0,9,2025-12-01,0.33,2025-12-01,False
NX-00485,North America,US / Canada,False,2025-03-01,32.2,2672600.0000000005,2004450.0000000005,11,2026-02-01,0.02,2026-02-01,False
NX-00486,North America,US / Canada,False,2025-03-01,10.0,830000.0,622500.0,8,2025-11-01,2.88,2026-02-01,False
NX-00487,North America,US / Canada,False,2025-03-01,34.1,2830300.0,2122725.0,10,2026-01-01,0.58,2026-02-01,False
NX-00488,North America,US / Canada,False,2025-03-01,17.3,1435900.0,1076925.0,9,2025-12-01,0.0,2025-12-01,False
NX-00489,North America,US / Canada,False,2025-03-01,9.8,813400.0000000001,610050.0000000001,11,2026-02-01,3.45,2026-05-01,False
NX-00490,North America,US / Canada,False,2025-03-01,69.6,5776799.999999999,4332599.999999999,9,2025-12-01,0.07,2025-12-01,False
NX-00491,North America,US / Canada,False,2025-03-01,8.3,688900.0000000001,516675.0000000001,8,2025-11-01,0.64,2025-12-01,False
NX-00492,North America,US / Canada,False,2025-03-01,4.2,348600.0,261450.0,6,2025-09-01,0.48,2025-09-01,False
NX-00493,North America,US / Canada,False,2025-03-01,31.0,2573000.0,1929750.0,6,2025-09-01,0.13,2025-09-01,False
NX-00494,North America,US / Canada,False,2025-03-01,15.2,1261600.0,946200.0,8,2025-11-01,0.0,2025-11-01,False
NX-00495,North America,US / Canada,False,2025-03-01,32.4,2689200.0,2016900.0,9,2025-12-01,3.33,2026-03-01,False
NX-00496,North America,US / Canada,False,2025-03-01,15.6,1294800.0,971100.0,6,2025-09-01,0.15,2025-09-01,False
NX-00497,North America,US / Canada,False,2025-03-01,14.6,1211800.0,908850.0,5,2025-08-01,0.45,2025-08-01,False
NX-00498,North America,US / Canada,False,2025-03-01,45.6,3784800.0,2838600.0,8,2025-11-01,0.02,2025-11-01,False
NX-00499,North America,US / Canada,False,2025-03-01,22.8,1892400.0,1419300.0,7,2025-10-01,1.0,2025-11-01,False
NX-00500,North America,US / Canada,False,2025-03-01,25.7,2133100.0,1599825.0,5,2025-08-01,0.48,2025-08-01,False
NX-00501,North America,US / Canada,False,2025-03-01,7.5,622500.0,466875.0,11,2026-02-01,0.4,2026-02-01,False
NX-00502,North America,US / Canada,False,2025-03-01,21.3,1767900.0,1325925.0,10,2026-01-01,0.01,2026-01-01,False
NX-00503,North America,US / Canada,False,2025-03-01,3.4,282200.0,211650.0,6,2025-09-01,0.55,2025-10-01,False
NX-00504,EMEA,Europe,False,2025-03-01,8.2,721599.9999999999,541199.9999999999,6,2025-09-01,2.13,2025-11-01,False
NX-00505,EMEA,Europe,False,2025-03-01,9.7,853599.9999999999,640199.9999999999,11,2026-02-01,0.01,2026-02-01,False
NX-00506,EMEA,Europe,False,2025-03-01,12.6,1108800.0,831600.0,11,2026-02-01,0.16,2026-02-01,False
NX-00507,EMEA,Europe,False,2025-03-01,8.3,730400.0000000001,547800.0000000001,7,2025-10-01,0.15,2025-10-01,False
NX-00508,EMEA,MENA,False,2025-03-01,45.8,3709800.0,2782350.0,6,2025-09-01,0.25,2025-09-01,False
NX-00509,EMEA,MENA,False,2025-03-01,9.6,777600.0,583200.0,5,2025-08-01,0.6,2025-09-01,False
NX-00510,APAC,India,True,2025-03-01,17.2,1221200.0,915900.0,6,2025-09-01,2.82,2025-12-01,False
NX-00511,APAC,India,True,2025-03-01,6.8,482800.0,362100.0,10,2026-01-01,6.14,2026-07-01,False
NX-00512,APAC,Australia/SEA,False,2025-03-01,13.0,1092000.0,819000.0,11,2026-02-01,2.32,2026-04-01,False
NX-00513,APAC,Australia/SEA,False,2025-03-01,7.3,613200.0,459900.0,10,2026-01-01,0.01,2026-01-01,False
NX-00514,APAC,Australia/SEA,False,2025-03-01,15.1,1268400.0,951300.0,9,2025-12-01,0.3,2025-12-01,False
NX-00515,LATAM,LATAM,False,2025-03-01,8.2,647800.0,485850.0,9,2025-12-01,0.53,2026-01-01,False
NX-00516,LATAM,LATAM,False,2025-03-01,18.7,1477300.0,1107975.0,5,2025-08-01,0.07,2025-08-01,False
NX-00517,LATAM,LATAM,False,2025-03-01,7.6,600400.0,450300.0,11,2026-02-01,3.38,2026-05-01,False
NX-00518,North America,US / Canada,False,2025-04-01,13.6,1128800.0,846600.0,10,2026-02-01,0.01,2026-02-01,False
NX-00519,North America,US / Canada,False,2025-04-01,19.0,1577000.0,1182750.0,9,2026-01-01,3.13,2026-04-01,False
NX-00520,North America,US / Canada,False,2025-04-01,49.3,4091899.9999999995,3068924.9999999995,9,2026-01-01,0.32,2026-01-01,False
NX-00521,North America,US / Canada,False,2025-04-01,37.0,3071000.0,2303250.0,10,2026-02-01,0.01,2026-02-01,False
NX-00522,North America,US / Canada,False,2025-04-01,31.5,2614500.0,1960875.0,7,2025-11-01,0.63,2025-12-01,False
NX-00523,North America,US / Canada,False,2025-04-01,6.7,556100.0,417075.0,11,2026-03-01,0.17,2026-03-01,False
NX-00524,North America,US / Canada,False,2025-04-01,6.8,564400.0,423300.0,9,2026-01-01,0.03,2026-01-01,False
NX-00525,North America,US / Canada,False,2025-04-01,22.9,1900699.9999999998,1425524.9999999998,8,2025-12-01,0.01,2025-12-01,False
NX-00526,North America,US / Canada,False,2025-04-01,25.9,2149700.0,1612275.0,9,2026-01-01,0.39,2026-01-01,False
NX-00527,North America,US / Canada,False,2025-04-01,11.7,971099.9999999999,728324.9999999999,5,2025-09-01,0.32,2025-09-01,False
NX-00528,North America,US / Canada,False,2025-04-01,4.6,381799.99999999994,286349.99999999994,7,2025-11-01,0.0,2025-11-01,False
NX-00529,North America,US / Canada,False,2025-04-01,43.0,3569000.0,2676750.0,9,2026-01-01,0.01,2026-01-01,False
NX-00530,North America,US / Canada,False,2025-04-01,52.6,4365800.0,3274350.0,10,2026-02-01,0.19,2026-02-01,False
NX-00531,North America,US / Canada,False,2025-04-01,40.8,3386399.9999999995,2539799.9999999995,8,2025-12-01,0.0,2025-12-01,False
NX-00532,North America,US / Canada,False,2025-04-01,17.9,1485699.9999999998,1114274.9999999998,6,2025-10-01,0.0,2025-10-01,False
NX-00533,North America,US / Canada,False,2025-04-01,20.0,1660000.0,1245000.0,11,2026-03-01,0.0,2026-03-01,False
NX-00534,North America,US / Canada,False,2025-04-01,26.1,2166300.0,1624725.0,9,2026-01-01,0.23,2026-01-01,False
NX-00535,North America,US / Canada,False,2025-04-01,6.7,556100.0,417075.0,7,2025-11-01,3.32,2026-02-01,False
NX-00536,North America,US / Canada,False,2025-04-01,2.7,224100.00000000003,168075.00000000003,9,2026-01-01,0.02,2026-01-01,False
NX-00537,North America,US / Canada,False,2025-04-01,7.7,639100.0,479325.0,10,2026-02-01,0.11,2026-02-01,False
NX-00538,North America,US / Canada,False,2025-04-01,12.0,996000.0,747000.0,7,2025-11-01,0.01,2025-11-01,False
NX-00539,North America,US / Canada,False,2025-04-01,3.9,323700.0,242775.0,8,2025-12-01,0.12,2025-12-01,False
NX-00540,North America,US / Canada,False,2025-04-01,80.8,6706400.0,5029800.0,10,2026-02-01,0.16,2026-02-01,False
NX-00541,North America,US / Canada,False,2025-04-01,4.1,340299.99999999994,255224.99999999994,5,2025-09-01,2.41,2025-11-01,False
NX-00542,North America,US / Canada,False,2025-04-01,1.5,124500.0,93375.0,7,2025-11-01,0.5,2025-11-01,False
NX-00543,EMEA,Europe,False,2025-04-01,8.0,704000.0,528000.0,8,2025-12-01,0.12,2025-12-01,False
NX-00544,EMEA,Europe,False,2025-04-01,31.8,2798400.0,2098800.0,5,2025-09-01,0.22,2025-09-01,False
NX-00545,EMEA,Europe,False,2025-04-01,22.0,1936000.0,1452000.0,10,2026-02-01,2.14,2026-04-01,False
NX-00546,EMEA,Europe,False,2025-04-01,14.0,1232000.0,924000.0,9,2026-01-01,2.24,2026-03-01,False
NX-00547,EMEA,Europe,False,2025-04-01,15.9,1399200.0,1049400.0,5,2025-09-01,1.18,2025-10-01,False
NX-00548,EMEA,Europe,False,2025-04-01,10.5,924000.0,693000.0,11,2026-03-01,0.0,2026-03-01,False
NX-00549,EMEA,MENA,False,2025-04-01,32.3,2616300.0,1962225.0,6,2025-10-01,0.0,2025-10-01,False
NX-00550,EMEA,MENA,False,2025-04-01,8.6,696600.0,522450.0,5,2025-09-01,0.06,2025-09-01,False
NX-00551,EMEA,MENA,False,2025-04-01,13.0,1053000.0,789750.0,9,2026-01-01,0.23,2026-01-01,False
NX-00552,APAC,India,True,2025-04-01,22.6,1604600.0,1203450.0,5,2025-09-01,3.28,2025-12-01,False
NX-00553,APAC,India,True,2025-04-01,13.4,951400.0,713550.0,10,2026-02-01,3.75,2026-06-01,False
NX-00554,APAC,India,True,2025-04-01,29.5,2094500.0,1570875.0,6,2025-10-01,4.28,2026-02-01,False
NX-00555,APAC,Australia/SEA,False,2025-04-01,10.5,882000.0,661500.0,5,2025-09-01,4.24,2026-01-01,False
NX-00556,LATAM,LATAM,False,2025-04-01,7.2,568800.0,426600.0,7,2025-11-01,2.15,2026-01-01,False
NX-00557,LATAM,LATAM,False,2025-04-01,19.8,1564200.0,1173150.0,8,2025-12-01,0.16,2025-12-01,False
NX-00558,LATAM,LATAM,False,2025-04-01,7.8,616200.0,462150.0,8,2025-12-01,0.02,2025-12-01,False
NX-00559,North America,US / Canada,False,2025-05-01,52.7,4374100.0,3280575.0,5,2025-10-01,0.06,2025-10-01,False
NX-00560,North America,US / Canada,False,2025-05-01,6.0,498000.0,373500.0,7,2025-12-01,0.21,2025-12-01,False
NX-00561,North America,US / Canada,False,2025-05-01,3.6,298800.0,224100.0,8,2026-01-01,0.0,2026-01-01,False
NX-00562,North America,US / Canada,False,2025-05-01,13.2,1095600.0,821700.0,9,2026-02-01,1.74,2026-04-01,False
NX-00563,North America,US / Canada,False,2025-05-01,11.6,962800.0,722100.0,9,2026-02-01,3.36,2026-05-01,False
NX-00564,North America,US / Canada,False,2025-05-01,14.3,1186900.0,890175.0,11,2026-04-01,0.02,2026-04-01,False
NX-00565,North America,US / Canada,False,2025-05-01,11.5,954500.0,715875.0,8,2026-01-01,0.04,2026-01-01,False
NX-00566,North America,US / Canada,False,2025-05-01,3.1,257300.0,192975.0,8,2026-01-01,0.52,2026-02-01,False
NX-00567,North America,US / Canada,False,2025-05-01,3.8,315400.0,236550.0,6,2025-11-01,0.1,2025-11-01,False
NX-00568,North America,US / Canada,False,2025-05-01,11.0,913000.0,684750.0,9,2026-02-01,4.92,2026-07-01,False
NX-00569,North America,US / Canada,False,2025-05-01,23.6,1958800.0000000002,1469100.0000000002,8,2026-01-01,0.0,2026-01-01,False
NX-00570,North America,US / Canada,False,2025-05-01,2.5,207500.0,155625.0,8,2026-01-01,1.36,2026-02-01,False
NX-00571,North America,US / Canada,False,2025-05-01,40.3,3344899.9999999995,2508674.9999999995,9,2026-02-01,2.21,2026-04-01,False
NX-00572,North America,US / Canada,False,2025-05-01,20.2,1676600.0,1257450.0,11,2026-04-01,0.72,2026-05-01,False
NX-00573,North America,US / Canada,False,2025-05-01,11.4,946200.0,709650.0,9,2026-02-01,0.0,2026-02-01,False
NX-00574,North America,US / Canada,False,2025-05-01,27.4,2274200.0,1705650.0,8,2026-01-01,0.1,2026-01-01,False
NX-00575,North America,US / Canada,False,2025-05-01,32.8,2722399.9999999995,2041799.9999999995,9,2026-02-01,0.16,,True
NX-00576,North America,US / Canada,False,2025-05-01,20.4,1693199.9999999998,1269899.9999999998,10,2026-03-01,0.0,2026-03-01,False
NX-00577,EMEA,Europe,False,2025-05-01,8.6,756800.0,567600.0,7,2025-12-01,0.28,2025-12-01,False
NX-00578,EMEA,Europe,False,2025-05-01,11.8,1038400.0000000001,778800.0000000001,8,2026-01-01,1.79,2026-03-01,False
NX-00579,EMEA,Europe,False,2025-05-01,13.9,1223200.0,917400.0,11,2026-04-01,0.41,2026-04-01,False
NX-00580,EMEA,MENA,False,2025-05-01,29.8,2413800.0,1810350.0,6,2025-11-01,1.39,2025-12-01,False
NX-00581,EMEA,MENA,False,2025-05-01,7.1,575100.0,431325.0,7,2025-12-01,0.26,2025-12-01,False
NX-00582,EMEA,MENA,False,2025-05-01,14.3,1158300.0,868725.0,7,2025-12-01,0.79,2026-01-01,False
NX-00583,EMEA,MENA,False,2025-05-01,9.2,745200.0,558900.0,9,2026-02-01,2.89,2026-05-01,False
NX-00584,EMEA,MENA,False,2025-05-01,34.8,2818800.0,2114100.0,7,2025-12-01,0.28,2025-12-01,False
NX-00585,APAC,India,True,2025-05-01,8.6,610600.0,457950.0,10,2026-03-01,1.62,2026-05-01,False
NX-00586,APAC,India,True,2025-05-01,35.9,2548900.0,1911675.0,7,2025-12-01,5.44,2026-05-01,False
NX-00587,APAC,India,True,2025-05-01,20.5,1455500.0,1091625.0,8,2026-01-01,3.88,2026-05-01,False
NX-00588,APAC,Australia/SEA,False,2025-05-01,11.3,949200.0000000001,711900.0000000001,8,2026-01-01,0.28,2026-01-01,False
NX-00589,LATAM,LATAM,False,2025-05-01,23.8,1880200.0,1410150.0,8,2026-01-01,1.36,2026-02-01,False
NX-00590,LATAM,LATAM,False,2025-05-01,4.4,347600.0,260700.0,10,2026-03-01,0.01,2026-03-01,False
NX-00591,LATAM,LATAM,False,2025-05-01,12.8,1011200.0,758400.0,8,2026-01-01,0.41,2026-01-01,False
NX-00592,LATAM,LATAM,False,2025-05-01,15.8,1248200.0,936150.0,11,2026-04-01,2.61,2026-07-01,False
NX-00593,LATAM,LATAM,False,2025-05-01,6.7,529300.0,396975.0,5,2025-10-01,1.84,2025-12-01,False
NX-00594,LATAM,LATAM,False,2025-05-01,38.7,3057300.0,2292975.0,7,2025-12-01,3.84,2026-04-01,False
NX-00595,LATAM,LATAM,False,2025-05-01,14.3,1129700.0,847275.0,11,2026-04-01,0.59,2026-05-01,False
NX-00596,LATAM,LATAM,False,2025-05-01,5.2,410800.0,308100.0,9,2026-02-01,0.08,2026-02-01,False
NX-00597,North America,US / Canada,False,2025-06-01,26.8,2224400.0,1668300.0,7,2026-01-01,0.32,2026-01-01,False
NX-00598,North America,US / Canada,False,2025-06-01,19.5,1618500.0,1213875.0,6,2025-12-01,0.11,2025-12-01,False
NX-00599,North America,US / Canada,False,2025-06-01,5.4,448200.00000000006,336150.00000000006,8,2026-02-01,0.01,2026-02-01,False
NX-00600,North America,US / Canada,False,2025-06-01,33.7,2797100.0000000005,2097825.0000000005,6,2025-12-01,0.26,2025-12-01,False
NX-00601,North America,US / Canada,False,2025-06-01,23.4,1942199.9999999998,1456649.9999999998,8,2026-02-01,0.19,2026-02-01,False
NX-00602,North America,US / Canada,False,2025-06-01,23.9,1983699.9999999998,1487774.9999999998,10,2026-04-01,0.03,2026-04-01,False
NX-00603,North America,US / Canada,False,2025-06-01,13.3,1103900.0,827925.0,11,2026-05-01,0.0,2026-05-01,False
NX-00604,North America,US / Canada,False,2025-06-01,9.4,780200.0,585150.0,11,2026-05-01,0.51,2026-06-01,False
NX-00605,North America,US / Canada,False,2025-06-01,13.9,1153700.0,865275.0,10,2026-04-01,0.02,2026-04-01,False
NX-00606,North America,US / Canada,False,2025-06-01,14.8,1228400.0,921300.0,11,2026-05-01,0.02,2026-05-01,False
NX-00607,North America,US / Canada,False,2025-06-01,26.1,2166300.0,1624725.0,5,2025-11-01,0.03,2025-11-01,False
NX-00608,North America,US / Canada,False,2025-06-01,27.4,2274200.0,1705650.0,9,2026-03-01,0.42,2026-03-01,False
NX-00609,North America,US / Canada,False,2025-06-01,11.6,962800.0,722100.0,9,2026-03-01,0.15,2026-03-01,False
NX-00610,North America,US / Canada,False,2025-06-01,5.4,448200.00000000006,336150.00000000006,7,2026-01-01,0.01,2026-01-01,False
NX-00611,North America,US / Canada,False,2025-06-01,11.7,971099.9999999999,728324.9999999999,9,2026-03-01,0.35,2026-03-01,False
NX-00612,North America,US / Canada,False,2025-06-01,28.2,2340600.0,1755450.0,9,2026-03-01,0.02,2026-03-01,False
NX-00613,North America,US / Canada,False,2025-06-01,58.2,4830600.0,3622950.0,7,2026-01-01,0.12,2026-01-01,False
NX-00614,North America,US / Canada,False,2025-06-01,11.3,937900.0000000001,703425.0000000001,11,2026-05-01,0.02,2026-05-01,False
NX-00615,North America,US / Canada,False,2025-06-01,10.7,888099.9999999999,666074.9999999999,10,2026-04-01,0.22,2026-04-01,False
NX-00616,North America,US / Canada,False,2025-06-01,14.5,1203500.0,902625.0,10,2026-04-01,0.74,2026-05-01,False
NX-00617,North America,US / Canada,False,2025-06-01,4.5,373500.0,280125.0,8,2026-02-01,0.12,2026-02-01,False
NX-00618,North America,US / Canada,False,2025-06-01,2.2,182600.00000000003,136950.00000000003,7,2026-01-01,0.73,2026-02-01,False
NX-00619,North America,US / Canada,False,2025-06-01,26.9,2232700.0,1674525.0,11,2026-05-01,1.59,2026-07-01,False
NX-00620,North America,US / Canada,False,2025-06-01,4.3,356900.0,267675.0,9,2026-03-01,0.02,2026-03-01,False
NX-00621,North America,US / Canada,False,2025-06-01,51.2,4249600.0,3187200.0,8,2026-02-01,0.42,2026-02-01,False
NX-00622,North America,US / Canada,False,2025-06-01,4.5,373500.0,280125.0,6,2025-12-01,0.0,2025-12-01,False
NX-00623,North America,US / Canada,False,2025-06-01,11.1,921300.0,690975.0,8,2026-02-01,0.18,2026-02-01,False
NX-00624,North America,US / Canada,False,2025-06-01,41.8,3469399.9999999995,2602049.9999999995,9,2026-03-01,0.12,2026-03-01,False
NX-00625,North America,US / Canada,False,2025-06-01,17.3,1435900.0,1076925.0,9,2026-03-01,0.03,2026-03-01,False
NX-00626,EMEA,Europe,False,2025-06-01,44.6,3924800.0,2943600.0,7,2026-01-01,0.28,2026-01-01,False
NX-00627,EMEA,Europe,False,2025-06-01,16.2,1425600.0,1069200.0,6,2025-12-01,0.02,2025-12-01,False
NX-00628,EMEA,MENA,False,2025-06-01,20.5,1660500.0,1245375.0,10,2026-04-01,0.0,2026-04-01,False
NX-00629,EMEA,MENA,False,2025-06-01,9.2,745200.0,558900.0,6,2025-12-01,0.54,2026-01-01,False
NX-00630,APAC,India,True,2025-06-01,32.1,2279100.0,1709325.0,5,2025-11-01,1.29,2025-12-01,False
NX-00631,APAC,India,True,2025-06-01,35.0,2485000.0,1863750.0,8,2026-02-01,0.09,2026-02-01,False
NX-00632,APAC,India,True,2025-06-01,8.0,568000.0,426000.0,7,2026-01-01,3.47,2026-04-01,False
NX-00633,APAC,India,True,2025-06-01,28.2,2002200.0,1501650.0,9,2026-03-01,12.39,2027-03-01,False
NX-00634,APAC,India,True,2025-06-01,40.9,2903900.0,2177925.0,9,2026-03-01,4.54,2026-08-01,False
NX-00635,APAC,Australia/SEA,False,2025-06-01,17.0,1428000.0,1071000.0,10,2026-04-01,0.05,2026-04-01,False
NX-00636,APAC,Australia/SEA,False,2025-06-01,10.6,890400.0,667800.0,7,2026-01-01,1.57,2026-03-01,False
NX-00637,LATAM,LATAM,False,2025-06-01,13.3,1050700.0,788025.0,8,2026-02-01,0.85,2026-03-01,False
NX-00638,North America,US / Canada,False,2025-07-01,16.5,1369500.0,1027125.0,9,2026-04-01,2.78,2026-07-01,False
NX-00639,North America,US / Canada,False,2025-07-01,7.4,614200.0,460650.0,11,2026-06-01,0.74,2026-07-01,False
NX-00640,North America,US / Canada,False,2025-07-01,37.6,3120800.0,2340600.0,8,2026-03-01,0.0,2026-03-01,False
NX-00641,North America,US / Canada,False,2025-07-01,15.0,1245000.0,933750.0,9,2026-04-01,0.22,2026-04-01,False
NX-00642,North America,US / Canada,False,2025-07-01,18.6,1543800.0000000002,1157850.0000000002,5,2025-12-01,0.14,2025-12-01,False
NX-00643,North America,US / Canada,False,2025-07-01,29.0,2407000.0,1805250.0,8,2026-03-01,0.03,2026-03-01,False
NX-00644,North America,US / Canada,False,2025-07-01,139.3,11561900.000000002,8671425.000000002,6,2026-01-01,2.38,2026-03-01,False
NX-00645,North America,US / Canada,False,2025-07-01,35.7,2963100.0000000005,2222325.0000000005,9,2026-04-01,3.32,2026-07-01,False
NX-00646,North America,US / Canada,False,2025-07-01,15.2,1261600.0,946200.0,10,2026-05-01,0.03,2026-05-01,False
NX-00647,North America,US / Canada,False,2025-07-01,19.1,1585300.0000000002,1188975.0000000002,6,2026-01-01,6.13,2026-07-01,False
NX-00648,North America,US / Canada,False,2025-07-01,2.2,182600.00000000003,136950.00000000003,6,2026-01-01,0.57,2026-02-01,False
NX-00649,North America,US / Canada,False,2025-07-01,22.4,1859199.9999999998,1394399.9999999998,7,2026-02-01,0.08,2026-02-01,False
NX-00650,North America,US / Canada,False,2025-07-01,7.4,614200.0,460650.0,5,2025-12-01,0.0,2025-12-01,False
NX-00651,North America,US / Canada,False,2025-07-01,14.7,1220100.0,915075.0,6,2026-01-01,0.15,2026-01-01,False
NX-00652,North America,US / Canada,False,2025-07-01,12.9,1070700.0,803025.0,6,2026-01-01,0.29,2026-01-01,False
NX-00653,North America,US / Canada,False,2025-07-01,33.2,2755600.0000000005,2066700.0000000005,7,2026-02-01,2.62,2026-05-01,False
NX-00654,North America,US / Canada,False,2025-07-01,10.3,854900.0000000001,641175.0000000001,8,2026-03-01,0.44,2026-03-01,False
NX-00655,North America,US / Canada,False,2025-07-01,7.2,597600.0,448200.0,11,2026-06-01,0.0,2026-06-01,False
NX-00656,North America,US / Canada,False,2025-07-01,9.0,747000.0,560250.0,5,2025-12-01,0.0,2025-12-01,False
NX-00657,North America,US / Canada,False,2025-07-01,5.7,473100.0,354825.0,7,2026-02-01,0.01,2026-02-01,False
NX-00658,North America,US / Canada,False,2025-07-01,9.7,805099.9999999999,603824.9999999999,7,2026-02-01,0.01,2026-02-01,False
NX-00659,North America,US / Canada,False,2025-07-01,10.6,879800.0,659850.0,5,2025-12-01,0.34,2025-12-01,False
NX-00660,North America,US / Canada,False,2025-07-01,10.5,871500.0,653625.0,5,2025-12-01,0.1,2025-12-01,False
NX-00661,North America,US / Canada,False,2025-07-01,19.4,1610199.9999999998,1207649.9999999998,5,2025-12-01,0.04,2025-12-01,False
NX-00662,North America,US / Canada,False,2025-07-01,4.8,398400.0,298800.0,9,2026-04-01,0.28,2026-04-01,False
NX-00663,North America,US / Canada,False,2025-07-01,20.5,1701500.0,1276125.0,11,2026-06-01,0.0,2026-06-01,False
NX-00664,North America,US / Canada,False,2025-07-01,24.0,1992000.0,1494000.0,10,2026-05-01,0.85,2026-06-01,False
NX-00665,North America,US / Canada,False,2025-07-01,31.3,2597900.0,1948425.0,8,2026-03-01,0.4,2026-03-01,False
NX-00666,North America,US / Canada,False,2025-07-01,8.6,713800.0,535350.0,10,2026-05-01,0.01,2026-05-01,False
NX-00667,North America,US / Canada,False,2025-07-01,10.0,830000.0,622500.0,5,2025-12-01,0.88,2026-01-01,False
NX-00668,North America,US / Canada,False,2025-07-01,9.5,788500.0,591375.0,10,2026-05-01,0.1,2026-05-01,False
NX-00669,North America,US / Canada,False,2025-07-01,4.1,340299.99999999994,255224.99999999994,11,2026-06-01,0.08,2026-06-01,False
NX-00670,North America,US / Canada,False,2025-07-01,23.5,1950500.0,1462875.0,5,2025-12-01,0.41,2025-12-01,False
NX-00671,North America,US / Canada,False,2025-07-01,36.6,3037800.0,2278350.0,8,2026-03-01,0.11,2026-03-01,False
NX-00672,North America,US / Canada,False,2025-07-01,2.4,199200.0,149400.0,9,2026-04-01,5.13,2026-09-01,False
NX-00673,North America,US / Canada,False,2025-07-01,23.6,1958800.0000000002,1469100.0000000002,11,2026-06-01,0.04,2026-06-01,False
NX-00674,North America,US / Canada,False,2025-07-01,30.4,2523200.0,1892400.0,9,2026-04-01,3.87,2026-08-01,False
NX-00675,North America,US / Canada,False,2025-07-01,28.1,2332300.0,1749225.0,6,2026-01-01,0.78,2026-02-01,False
NX-00676,EMEA,Europe,False,2025-07-01,18.9,1663199.9999999998,1247399.9999999998,5,2025-12-01,0.32,2025-12-01,False
NX-00677,EMEA,Europe,False,2025-07-01,5.1,448799.99999999994,336599.99999999994,8,2026-03-01,0.01,2026-03-01,False
NX-00678,EMEA,Europe,False,2025-07-01,13.9,1223200.0,917400.0,11,2026-06-01,2.87,2026-09-01,False
NX-00679,EMEA,Europe,False,2025-07-01,14.0,1232000.0,924000.0,11,2026-06-01,0.31,2026-06-01,False
NX-00680,EMEA,Europe,False,2025-07-01,40.6,3572800.0,2679600.0,7,2026-02-01,0.75,2026-03-01,False
NX-00681,EMEA,MENA,False,2025-07-01,17.3,1401300.0,1050975.0,7,2026-02-01,7.6,2026-10-01,False
NX-00682,EMEA,MENA,False,2025-07-01,15.7,1271700.0,953775.0,9,2026-04-01,7.84,2026-12-01,False
NX-00683,EMEA,MENA,False,2025-07-01,17.7,1433700.0,1075275.0,5,2025-12-01,0.99,2026-01-01,False
NX-00684,EMEA,MENA,False,2025-07-01,7.6,615600.0,461700.0,8,2026-03-01,0.42,2026-03-01,False
NX-00685,LATAM,LATAM,False,2025-07-01,7.5,592500.0,444375.0,5,2025-12-01,0.01,2025-12-01,False
NX-00686,North America,US / Canada,False,2025-08-01,22.2,1842600.0,1381950.0,5,2026-01-01,0.07,2026-01-01,False
NX-00687,North America,US / Canada,False,2025-08-01,3.9,323700.0,242775.0,7,2026-03-01,0.0,2026-03-01,False
NX-00688,North America,US / Canada,False,2025-08-01,6.5,539500.0,404625.0,6,2026-02-01,0.06,2026-02-01,False
NX-00689,North America,US / Canada,False,2025-08-01,4.9,406700.00000000006,305025.00000000006,7,2026-03-01,0.54,2026-04-01,False
NX-00690,North America,US / Canada,False,2025-08-01,72.3,6000900.0,4500675.0,5,2026-01-01,3.29,2026-04-01,False
NX-00691,North America,US / Canada,False,2025-08-01,24.9,2066699.9999999998,1550024.9999999998,5,2026-01-01,0.34,2026-01-01,False
NX-00692,North America,US / Canada,False,2025-08-01,15.3,1269900.0,952425.0,6,2026-02-01,3.01,2026-05-01,False
NX-00693,North America,US / Canada,False,2025-08-01,19.6,1626800.0000000002,1220100.0000000002,7,2026-03-01,0.24,2026-03-01,False
NX-00694,North America,US / Canada,False,2025-08-01,8.5,705500.0,529125.0,5,2026-01-01,0.24,2026-01-01,False
NX-00695,North America,US / Canada,False,2025-08-01,2.9,240700.0,180525.0,8,2026-04-01,4.21,2026-08-01,False
NX-00696,North America,US / Canada,False,2025-08-01,20.4,1693199.9999999998,1269899.9999999998,5,2026-01-01,0.09,2026-01-01,False
NX-00697,North America,US / Canada,False,2025-08-01,8.8,730400.0000000001,547800.0000000001,6,2026-02-01,1.48,2026-03-01,False
NX-00698,North America,US / Canada,False,2025-08-01,10.4,863200.0,647400.0,11,2026-07-01,0.02,2026-07-01,False
NX-00699,North America,US / Canada,False,2025-08-01,8.6,713800.0,535350.0,8,2026-04-01,0.45,2026-04-01,False
NX-00700,North America,US / Canada,False,2025-08-01,23.5,1950500.0,1462875.0,9,2026-05-01,0.45,2026-05-01,False
NX-00701,North America,US / Canada,False,2025-08-01,19.1,1585300.0000000002,1188975.0000000002,5,2026-01-01,0.01,2026-01-01,False
NX-00702,North America,US / Canada,False,2025-08-01,2.8,232399.99999999997,174299.99999999997,8,2026-04-01,0.06,2026-04-01,False
NX-00703,North America,US / Canada,False,2025-08-01,18.2,1510600.0,1132950.0,9,2026-05-01,0.07,2026-05-01,False
NX-00704,North America,US / Canada,False,2025-08-01,2.7,224100.00000000003,168075.00000000003,11,2026-07-01,0.02,2026-07-01,False
NX-00705,North America,US / Canada,False,2025-08-01,13.9,1153700.0,865275.0,9,2026-05-01,0.0,2026-05-01,False
NX-00706,North America,US / Canada,False,2025-08-01,10.9,904700.0,678525.0,8,2026-04-01,0.0,2026-04-01,False
NX-00707,North America,US / Canada,False,2025-08-01,7.7,639100.0,479325.0,11,2026-07-01,0.0,2026-07-01,False
NX-00708,North America,US / Canada,False,2025-08-01,12.1,1004300.0,753225.0,8,2026-04-01,0.74,2026-05-01,False
NX-00709,North America,US / Canada,False,2025-08-01,9.1,755300.0,566475.0,8,2026-04-01,0.0,2026-04-01,False
NX-00710,North America,US / Canada,False,2025-08-01,16.4,1361199.9999999998,1020899.9999999998,5,2026-01-01,0.15,2026-01-01,False
NX-00711,North America,US / Canada,False,2025-08-01,24.3,2016900.0,1512675.0,9,2026-05-01,0.0,2026-05-01,False
NX-00712,North America,US / Canada,False,2025-08-01,8.8,730400.0000000001,547800.0000000001,8,2026-04-01,0.0,2026-04-01,False
NX-00713,North America,US / Canada,False,2025-08-01,64.9,5386700.000000001,4040025.000000001,9,2026-05-01,0.01,2026-05-01,False
NX-00714,North America,US / Canada,False,2025-08-01,7.1,589300.0,441975.0,6,2026-02-01,0.0,2026-02-01,False
NX-00715,North America,US / Canada,False,2025-08-01,10.2,846599.9999999999,634949.9999999999,7,2026-03-01,1.68,2026-05-01,False
NX-00716,North America,US / Canada,False,2025-08-01,16.5,1369500.0,1027125.0,8,2026-04-01,0.7,2026-05-01,False
NX-00717,North America,US / Canada,False,2025-08-01,60.0,4980000.0,3735000.0,10,2026-06-01,2.35,2026-08-01,False
NX-00718,North America,US / Canada,False,2025-08-01,9.1,755300.0,566475.0,10,2026-06-01,0.11,2026-06-01,False
NX-00719,North America,US / Canada,False,2025-08-01,21.2,1759600.0,1319700.0,9,2026-05-01,0.08,2026-05-01,False
NX-00720,North America,US / Canada,False,2025-08-01,27.2,2257600.0,1693200.0,7,2026-03-01,0.02,2026-03-01,False
NX-00721,EMEA,Europe,False,2025-08-01,29.9,2631200.0,1973400.0,11,2026-07-01,0.34,2026-07-01,False
NX-00722,EMEA,Europe,False,2025-08-01,2.2,193600.00000000003,145200.00000000003,11,2026-07-01,0.38,2026-07-01,False
NX-00723,EMEA,Europe,False,2025-08-01,10.6,932800.0,699600.0,6,2026-02-01,13.25,2027-03-01,False
NX-00724,EMEA,Europe,False,2025-08-01,23.8,2094400.0,1570800.0,11,2026-07-01,3.23,2026-10-01,False
NX-00725,EMEA,MENA,False,2025-08-01,18.5,1498500.0,1123875.0,7,2026-03-01,1.06,2026-04-01,False
NX-00726,EMEA,MENA,False,2025-08-01,23.0,1863000.0,1397250.0,6,2026-02-01,0.53,2026-03-01,False
NX-00727,EMEA,MENA,False,2025-08-01,9.3,753300.0,564975.0,11,2026-07-01,0.91,2026-08-01,False
NX-00728,EMEA,MENA,False,2025-08-01,83.9,6795900.0,5096925.0,7,2026-03-01,0.42,2026-03-01,False
NX-00729,EMEA,MENA,False,2025-08-01,8.7,704700.0,528525.0,9,2026-05-01,0.52,2026-06-01,False
NX-00730,APAC,Australia/SEA,False,2025-08-01,17.6,1478400.0000000002,1108800.0000000002,7,2026-03-01,1.51,2026-05-01,False
NX-00731,LATAM,LATAM,False,2025-08-01,9.6,758400.0,568800.0,10,2026-06-01,0.44,2026-06-01,False
NX-00732,LATAM,LATAM,False,2025-08-01,22.7,1793300.0,1344975.0,11,2026-07-01,1.25,2026-08-01,False
NX-00733,LATAM,LATAM,False,2025-08-01,58.2,4597800.0,3448350.0,10,2026-06-01,4.24,2026-10-01,False
NX-00734,North America,US / Canada,False,2025-09-01,36.5,3029500.0,2272125.0,10,2026-07-01,0.01,2026-07-01,False
NX-00735,North America,US / Canada,False,2025-09-01,23.1,1917300.0000000002,1437975.0000000002,7,2026-04-01,0.87,2026-05-01,False
NX-00736,North America,US / Canada,False,2025-09-01,27.3,2265900.0,1699425.0,7,2026-04-01,0.0,2026-04-01,False
NX-00737,North America,US / Canada,False,2025-09-01,23.3,1933900.0,1450425.0,6,2026-03-01,0.08,2026-03-01,False
NX-00738,North America,US / Canada,False,2025-09-01,11.6,962800.0,722100.0,7,2026-04-01,3.0,2026-07-01,False
NX-00739,North America,US / Canada,False,2025-09-01,15.3,1269900.0,952425.0,11,2026-08-01,0.01,2026-08-01,False
NX-00740,North America,US / Canada,False,2025-09-01,27.1,2249300.0,1686975.0,7,2026-04-01,0.2,2026-04-01,False
NX-00741,North America,US / Canada,False,2025-09-01,3.8,315400.0,236550.0,5,2026-02-01,0.0,2026-02-01,False
NX-00742,North America,US / Canada,False,2025-09-01,6.2,514600.0,385950.0,7,2026-04-01,0.38,2026-04-01,False
NX-00743,North America,US / Canada,False,2025-09-01,11.8,979400.0000000001,734550.0000000001,9,2026-06-01,0.0,2026-06-01,False
NX-00744,North America,US / Canada,False,2025-09-01,18.6,1543800.0000000002,1157850.0000000002,11,2026-08-01,0.31,2026-08-01,False
NX-00745,North America,US / Canada,False,2025-09-01,3.2,265600.0,199200.0,11,2026-08-01,0.03,2026-08-01,False
NX-00746,North America,US / Canada,False,2025-09-01,14.2,1178600.0,883950.0,11,2026-08-01,0.01,2026-08-01,False
NX-00747,North America,US / Canada,False,2025-09-01,17.6,1460800.0000000002,1095600.0000000002,9,2026-06-01,0.0,2026-06-01,False
NX-00748,North America,US / Canada,False,2025-09-01,11.8,979400.0000000001,734550.0000000001,11,2026-08-01,0.3,2026-08-01,False
NX-00749,North America,US / Canada,False,2025-09-01,17.7,1469100.0,1101825.0,6,2026-03-01,0.0,2026-03-01,False
NX-00750,North America,US / Canada,False,2025-09-01,5.3,439900.0,329925.0,11,2026-08-01,1.48,2026-09-01,False
NX-00751,North America,US / Canada,False,2025-09-01,34.9,2896700.0,2172525.0,8,2026-05-01,0.36,2026-05-01,False
NX-00752,North America,US / Canada,False,2025-09-01,11.9,987700.0,740775.0,6,2026-03-01,0.0,2026-03-01,False
NX-00753,North America,US / Canada,False,2025-09-01,8.0,664000.0,498000.0,10,2026-07-01,0.0,2026-07-01,False
NX-00754,North America,US / Canada,False,2025-09-01,8.0,664000.0,498000.0,6,2026-03-01,0.8,2026-04-01,False
NX-00755,North America,US / Canada,False,2025-09-01,4.2,348600.0,261450.0,11,2026-08-01,0.05,2026-08-01,False
NX-00756,North America,US / Canada,False,2025-09-01,13.0,1079000.0,809250.0,10,2026-07-01,0.0,2026-07-01,False
NX-00757,North America,US / Canada,False,2025-09-01,72.7,6034100.0,4525575.0,10,2026-07-01,0.02,2026-07-01,False
NX-00758,North America,US / Canada,False,2025-09-01,5.4,448200.00000000006,336150.00000000006,8,2026-05-01,0.04,2026-05-01,False
NX-00759,North America,US / Canada,False,2025-09-01,6.4,531200.0,398400.0,6,2026-03-01,0.09,2026-03-01,False
NX-00760,North America,US / Canada,False,2025-09-01,17.5,1452500.0,1089375.0,10,2026-07-01,0.2,2026-07-01,False
NX-00761,North America,US / Canada,False,2025-09-01,11.6,962800.0,722100.0,5,2026-02-01,0.48,2026-02-01,False
NX-00762,North America,US / Canada,False,2025-09-01,11.6,962800.0,722100.0,8,2026-05-01,0.45,2026-05-01,False
NX-00763,North America,US / Canada,False,2025-09-01,19.2,1593600.0,1195200.0,7,2026-04-01,0.28,2026-04-01,False
NX-00764,North America,US / Canada,False,2025-09-01,9.1,755300.0,566475.0,8,2026-05-01,0.0,2026-05-01,False
NX-00765,EMEA,Europe,False,2025-09-01,15.6,1372800.0,1029600.0,8,2026-05-01,0.0,2026-05-01,False
NX-00766,EMEA,Europe,False,2025-09-01,8.0,704000.0,528000.0,7,2026-04-01,1.43,2026-05-01,False
NX-00767,EMEA,Europe,False,2025-09-01,30.5,2684000.0,2013000.0,8,2026-05-01,0.0,2026-05-01,False
NX-00768,EMEA,Europe,False,2025-09-01,21.6,1900800.0000000002,1425600.0000000002,9,2026-06-01,0.18,2026-06-01,False
NX-00769,EMEA,Europe,False,2025-09-01,9.2,809599.9999999999,607199.9999999999,10,2026-07-01,0.03,2026-07-01,False
NX-00770,EMEA,MENA,False,2025-09-01,12.0,972000.0,729000.0,5,2026-02-01,0.6,2026-03-01,False
NX-00771,EMEA,MENA,False,2025-09-01,73.5,5953500.0,4465125.0,7,2026-04-01,0.38,2026-04-01,False
NX-00772,EMEA,MENA,False,2025-09-01,21.7,1757700.0,1318275.0,11,2026-08-01,0.0,2026-08-01,False
NX-00773,EMEA,MENA,False,2025-09-01,7.2,583200.0,437400.0,8,2026-05-01,1.96,2026-07-01,False
NX-00774,APAC,India,True,2025-09-01,9.9,702900.0,527175.0,11,2026-08-01,3.11,2026-11-01,False
NX-00775,APAC,India,True,2025-09-01,7.8,553800.0,415350.0,6,2026-03-01,0.22,2026-03-01,False
NX-00776,LATAM,LATAM,False,2025-09-01,15.5,1224500.0,918375.0,8,2026-05-01,3.02,2026-08-01,False
NX-00777,LATAM,LATAM,False,2025-09-01,2.5,197500.0,148125.0,5,2026-02-01,0.08,2026-02-01,False
NX-00778,LATAM,LATAM,False,2025-09-01,8.3,655700.0,491775.0,6,2026-03-01,0.0,2026-03-01,False
NX-00779,LATAM,LATAM,False,2025-09-01,9.0,711000.0,533250.0,7,2026-04-01,15.37,2027-07-01,False
NX-00780,North America,US / Canada,False,2025-10-01,36.3,3012899.9999999995,2259674.9999999995,10,2026-08-01,0.58,2026-09-01,False
NX-00781,North America,US / Canada,False,2025-10-01,8.4,697200.0,522900.0,7,2026-05-01,0.02,2026-05-01,False
NX-00782,North America,US / Canada,False,2025-10-01,8.7,722099.9999999999,541574.9999999999,6,2026-04-01,1.54,2026-06-01,False
NX-00783,North America,US / Canada,False,2025-10-01,26.4,2191200.0,1643400.0,11,2026-09-01,0.57,2026-10-01,False
NX-00784,North America,US / Canada,False,2025-10-01,13.9,1153700.0,865275.0,6,2026-04-01,0.04,2026-04-01,False
NX-00785,North America,US / Canada,False,2025-10-01,47.6,3950800.0,2963100.0,8,2026-06-01,0.15,2026-06-01,False
NX-00786,North America,US / Canada,False,2025-10-01,12.7,1054100.0,790575.0,5,2026-03-01,3.19,2026-06-01,False
NX-00787,North America,US / Canada,False,2025-10-01,7.5,622500.0,466875.0,7,2026-05-01,0.01,2026-05-01,False
NX-00788,North America,US / Canada,False,2025-10-01,10.9,904700.0,678525.0,6,2026-04-01,0.0,2026-04-01,False
NX-00789,North America,US / Canada,False,2025-10-01,17.7,1469100.0,1101825.0,7,2026-05-01,0.52,2026-06-01,False
NX-00790,North America,US / Canada,False,2025-10-01,65.0,5395000.0,4046250.0,5,2026-03-01,5.14,2026-08-01,False
NX-00791,North America,US / Canada,False,2025-10-01,15.7,1303100.0,977325.0,5,2026-03-01,0.0,2026-03-01,False
NX-00792,North America,US / Canada,False,2025-10-01,2.7,224100.00000000003,168075.00000000003,6,2026-04-01,0.01,2026-04-01,False
NX-00793,North America,US / Canada,False,2025-10-01,2.3,190899.99999999997,143174.99999999997,10,2026-08-01,0.0,2026-08-01,False
NX-00794,North America,US / Canada,False,2025-10-01,16.3,1352900.0,1014675.0,8,2026-06-01,0.01,2026-06-01,False
NX-00795,North America,US / Canada,False,2025-10-01,8.7,722099.9999999999,541574.9999999999,9,2026-07-01,1.22,2026-08-01,False
NX-00796,North America,US / Canada,False,2025-10-01,7.8,647400.0,485550.0,6,2026-04-01,1.99,2026-06-01,False
NX-00797,EMEA,Europe,False,2025-10-01,28.4,2499200.0,1874400.0,8,2026-06-01,2.84,2026-09-01,False
NX-00798,EMEA,MENA,False,2025-10-01,18.7,1514700.0,1136025.0,8,2026-06-01,0.0,2026-06-01,False
NX-00799,EMEA,MENA,False,2025-10-01,11.6,939600.0,704700.0,5,2026-03-01,1.01,2026-04-01,False
NX-00800,EMEA,MENA,False,2025-10-01,13.8,1117800.0,838350.0,5,2026-03-01,0.01,2026-03-01,False
NX-00801,APAC,India,True,2025-10-01,6.6,468600.0,351450.0,11,2026-09-01,3.03,2026-12-01,False
NX-00802,APAC,Australia/SEA,False,2025-10-01,11.5,966000.0,724500.0,6,2026-04-01,0.14,2026-04-01,False
NX-00803,APAC,Australia/SEA,False,2025-10-01,8.9,747600.0,560700.0,6,2026-04-01,0.67,2026-05-01,False
NX-00804,LATAM,LATAM,False,2025-10-01,8.2,647800.0,485850.0,8,2026-06-01,0.77,2026-07-01,False
NX-00805,LATAM,LATAM,False,2025-10-01,16.5,1303500.0,977625.0,11,2026-09-01,3.9,2027-01-01,False
NX-00806,North America,US / Canada,False,2025-11-01,3.6,298800.0,224100.0,6,2026-05-01,0.0,2026-05-01,False
NX-00807,North America,US / Canada,False,2025-11-01,21.6,1792800.0000000002,1344600.0000000002,8,2026-07-01,0.0,2026-07-01,False
NX-00808,North America,US / Canada,False,2025-11-01,4.3,356900.0,267675.0,10,2026-09-01,0.0,2026-09-01,False
NX-00809,North America,US / Canada,False,2025-11-01,9.2,763599.9999999999,572699.9999999999,5,2026-04-01,0.17,2026-04-01,False
NX-00810,North America,US / Canada,False,2025-11-01,6.5,539500.0,404625.0,6,2026-05-01,0.0,2026-05-01,False
NX-00811,North America,US / Canada,False,2025-11-01,5.3,439900.0,329925.0,5,2026-04-01,0.0,2026-04-01,False
NX-00812,North America,US / Canada,False,2025-11-01,16.7,1386100.0,1039575.0,9,2026-08-01,1.31,,True
NX-00813,North America,US / Canada,False,2025-11-01,10.9,904700.0,678525.0,6,2026-05-01,0.0,2026-05-01,False
NX-00814,North America,US / Canada,False,2025-11-01,6.5,539500.0,404625.0,9,2026-08-01,0.0,2026-08-01,False
NX-00815,North America,US / Canada,False,2025-11-01,11.1,921300.0,690975.0,10,2026-09-01,0.01,2026-09-01,False
NX-00816,North America,US / Canada,False,2025-11-01,3.3,273900.0,205425.0,9,2026-08-01,0.26,2026-08-01,False
NX-00817,North America,US / Canada,False,2025-11-01,9.9,821700.0,616275.0,9,2026-08-01,1.13,2026-09-01,False
NX-00818,North America,US / Canada,False,2025-11-01,25.0,2075000.0,1556250.0,8,2026-07-01,7.44,2027-02-01,False
NX-00819,North America,US / Canada,False,2025-11-01,20.1,1668300.0000000002,1251225.0000000002,9,2026-08-01,0.0,2026-08-01,False
NX-00820,North America,US / Canada,False,2025-11-01,15.8,1311400.0,983550.0,11,2026-10-01,1.29,2026-11-01,False
NX-00821,North America,US / Canada,False,2025-11-01,7.6,630800.0,473100.0,10,2026-09-01,0.36,2026-09-01,False
NX-00822,North America,US / Canada,False,2025-11-01,8.3,688900.0000000001,516675.0000000001,9,2026-08-01,0.92,2026-09-01,False
NX-00823,North America,US / Canada,False,2025-11-01,27.7,2299100.0,1724325.0,11,2026-10-01,0.01,2026-10-01,False
NX-00824,North America,US / Canada,False,2025-11-01,3.2,265600.0,199200.0,6,2026-05-01,1.79,2026-07-01,False
NX-00825,North America,US / Canada,False,2025-11-01,52.1,4324300.0,3243225.0,7,2026-06-01,0.0,2026-06-01,False
NX-00826,North America,US / Canada,False,2025-11-01,6.6,547800.0,410850.0,10,2026-09-01,0.05,2026-09-01,False
NX-00827,North America,US / Canada,False,2025-11-01,14.9,1236700.0,927525.0,10,2026-09-01,0.11,2026-09-01,False
NX-00828,North America,US / Canada,False,2025-11-01,33.2,2755600.0000000005,2066700.0000000005,11,2026-10-01,0.0,2026-10-01,False
NX-00829,North America,US / Canada,False,2025-11-01,15.8,1311400.0,983550.0,8,2026-07-01,0.16,2026-07-01,False
NX-00830,North America,US / Canada,False,2025-11-01,31.7,2631100.0,1973325.0,9,2026-08-01,0.24,2026-08-01,False
NX-00831,North America,US / Canada,False,2025-11-01,16.9,1402699.9999999998,1052024.9999999998,11,2026-10-01,0.18,2026-10-01,False
NX-00832,North America,US / Canada,False,2025-11-01,45.0,3735000.0,2801250.0,11,2026-10-01,0.0,2026-10-01,False
NX-00833,North America,US / Canada,False,2025-11-01,14.1,1170300.0,877725.0,11,2026-10-01,0.38,2026-10-01,False
NX-00834,North America,US / Canada,False,2025-11-01,19.4,1610199.9999999998,1207649.9999999998,8,2026-07-01,0.29,2026-07-01,False
NX-00835,North America,US / Canada,False,2025-11-01,5.3,439900.0,329925.0,9,2026-08-01,0.0,2026-08-01,False
NX-00836,EMEA,Europe,False,2025-11-01,8.4,739200.0,554400.0,5,2026-04-01,1.33,2026-05-01,False
NX-00837,EMEA,Europe,False,2025-11-01,23.7,2085600.0,1564200.0,11,2026-10-01,3.43,2027-01-01,False
NX-00838,EMEA,Europe,False,2025-11-01,20.6,1812800.0000000002,1359600.0000000002,9,2026-08-01,0.8,2026-09-01,False
NX-00839,EMEA,Europe,False,2025-11-01,25.1,2208800.0,1656600.0,9,2026-08-01,0.04,2026-08-01,False
NX-00840,EMEA,Europe,False,2025-11-01,15.9,1399200.0,1049400.0,8,2026-07-01,0.17,2026-07-01,False
NX-00841,EMEA,MENA,False,2025-11-01,9.5,769500.0,577125.0,8,2026-07-01,1.1,2026-08-01,False
NX-00842,EMEA,MENA,False,2025-11-01,24.2,1960200.0,1470150.0,8,2026-07-01,0.75,2026-08-01,False
NX-00843,EMEA,MENA,False,2025-11-01,7.3,591300.0,443475.0,5,2026-04-01,0.38,2026-04-01,False
NX-00844,EMEA,MENA,False,2025-11-01,7.4,599400.0,449550.0,5,2026-04-01,0.93,2026-05-01,False
NX-00845,APAC,India,True,2025-11-01,41.5,2946500.0,2209875.0,10,2026-09-01,1.14,2026-10-01,False
NX-00846,APAC,India,True,2025-11-01,16.1,1143100.0,857325.0,10,2026-09-01,1.53,,True
NX-00847,APAC,Australia/SEA,False,2025-11-01,35.2,2956800.0000000005,2217600.0000000005,11,2026-10-01,4.85,2027-03-01,False
NX-00848,APAC,Australia/SEA,False,2025-11-01,10.3,865200.0000000001,648900.0000000001,9,2026-08-01,3.95,2026-12-01,False
NX-00849,LATAM,LATAM,False,2025-11-01,8.8,695200.0,521400.0,5,2026-04-01,2.03,2026-06-01,False
NX-00850,LATAM,LATAM,False,2025-11-01,18.1,1429900.0,1072425.0,7,2026-06-01,0.36,2026-06-01,False
NX-00851,North America,US / Canada,False,2025-12-01,4.1,340299.99999999994,255224.99999999994,8,2026-08-01,0.08,2026-08-01,False
NX-00852,North America,US / Canada,False,2025-12-01,12.5,1037500.0,778125.0,11,2026-11-01,0.0,2026-11-01,False
NX-00853,North America,US / Canada,False,2025-12-01,23.6,1958800.0000000002,1469100.0000000002,7,2026-07-01,0.02,2026-07-01,False
NX-00854,North America,US / Canada,False,2025-12-01,7.1,589300.0,441975.0,6,2026-06-01,0.01,2026-06-01,False
NX-00855,North America,US / Canada,False,2025-12-01,12.4,1029200.0,771900.0,10,2026-10-01,0.1,2026-10-01,False
NX-00856,North America,US / Canada,False,2025-12-01,4.6,381799.99999999994,286349.99999999994,9,2026-09-01,1.46,,True
NX-00857,North America,US / Canada,False,2025-12-01,3.2,265600.0,199200.0,10,2026-10-01,0.0,2026-10-01,False
NX-00858,North America,US / Canada,False,2025-12-01,13.8,1145400.0,859050.0,11,2026-11-01,0.0,2026-11-01,False
NX-00859,North America,US / Canada,False,2025-12-01,18.3,1518900.0,1139175.0,11,2026-11-01,0.0,2026-11-01,False
NX-00860,North America,US / Canada,False,2025-12-01,13.4,1112200.0,834150.0,10,2026-10-01,0.81,2026-11-01,False
NX-00861,North America,US / Canada,False,2025-12-01,15.3,1269900.0,952425.0,5,2026-05-01,0.01,2026-05-01,False
NX-00862,North America,US / Canada,False,2025-12-01,17.3,1435900.0,1076925.0,8,2026-08-01,1.1,2026-09-01,False
NX-00863,North America,US / Canada,False,2025-12-01,3.4,282200.0,211650.0,9,2026-09-01,0.0,2026-09-01,False
NX-00864,North America,US / Canada,False,2025-12-01,53.4,4432200.0,3324150.0,9,2026-09-01,0.0,2026-09-01,False
NX-00865,North America,US / Canada,False,2025-12-01,14.2,1178600.0,883950.0,5,2026-05-01,0.23,2026-05-01,False
NX-00866,North America,US / Canada,False,2025-12-01,23.9,1983699.9999999998,1487774.9999999998,10,2026-10-01,0.0,2026-10-01,False
NX-00867,North America,US / Canada,False,2025-12-01,10.4,863200.0,647400.0,10,2026-10-01,0.03,2026-10-01,False
NX-00868,North America,US / Canada,False,2025-12-01,23.8,1975400.0,1481550.0,8,2026-08-01,0.14,2026-08-01,False
NX-00869,North America,US / Canada,False,2025-12-01,16.9,1402699.9999999998,1052024.9999999998,5,2026-05-01,0.01,2026-05-01,False
NX-00870,North America,US / Canada,False,2025-12-01,7.5,622500.0,466875.0,5,2026-05-01,0.32,2026-05-01,False
NX-00871,North America,US / Canada,False,2025-12-01,40.4,3353200.0,2514900.0,5,2026-05-01,0.54,2026-06-01,False
NX-00872,North America,US / Canada,False,2025-12-01,13.4,1112200.0,834150.0,5,2026-05-01,0.6,2026-06-01,False
NX-00873,North America,US / Canada,False,2025-12-01,17.7,1469100.0,1101825.0,7,2026-07-01,0.0,2026-07-01,False
NX-00874,North America,US / Canada,False,2025-12-01,31.0,2573000.0,1929750.0,10,2026-10-01,0.01,2026-10-01,False
NX-00875,North America,US / Canada,False,2025-12-01,3.7,307100.0,230325.0,11,2026-11-01,0.0,2026-11-01,False
NX-00876,North America,US / Canada,False,2025-12-01,16.0,1328000.0,996000.0,8,2026-08-01,1.22,2026-09-01,False
NX-00877,North America,US / Canada,False,2025-12-01,31.5,2614500.0,1960875.0,9,2026-09-01,0.0,2026-09-01,False
NX-00878,North America,US / Canada,False,2025-12-01,52.9,4390700.0,3293025.0,11,2026-11-01,0.12,2026-11-01,False
NX-00879,North America,US / Canada,False,2025-12-01,2.3,190899.99999999997,143174.99999999997,5,2026-05-01,0.0,2026-05-01,False
NX-00880,North America,US / Canada,False,2025-12-01,35.7,2963100.0000000005,2222325.0000000005,10,2026-10-01,0.0,2026-10-01,False
NX-00881,North America,US / Canada,False,2025-12-01,19.2,1593600.0,1195200.0,7,2026-07-01,0.03,2026-07-01,False
NX-00882,North America,US / Canada,False,2025-12-01,18.1,1502300.0000000002,1126725.0000000002,6,2026-06-01,0.03,2026-06-01,False
NX-00883,North America,US / Canada,False,2025-12-01,12.5,1037500.0,778125.0,8,2026-08-01,0.03,2026-08-01,False
NX-00884,EMEA,Europe,False,2025-12-01,19.5,1716000.0,1287000.0,9,2026-09-01,0.01,2026-09-01,False
NX-00885,EMEA,Europe,False,2025-12-01,32.5,2860000.0,2145000.0,8,2026-08-01,0.41,2026-08-01,False
NX-00886,EMEA,Europe,False,2025-12-01,5.7,501600.0,376200.0,11,2026-11-01,0.24,2026-11-01,False
NX-00887,EMEA,Europe,False,2025-12-01,47.9,4215200.0,3161400.0,5,2026-05-01,2.46,2026-07-01,False
NX-00888,EMEA,Europe,False,2025-12-01,16.9,1487199.9999999998,1115399.9999999998,8,2026-08-01,2.61,2026-11-01,False
NX-00889,EMEA,MENA,False,2025-12-01,12.1,980100.0,735075.0,7,2026-07-01,0.12,2026-07-01,False
NX-00890,APAC,India,True,2025-12-01,16.5,1171500.0,878625.0,8,2026-08-01,1.0,2026-09-01,False
NX-00891,APAC,India,True,2025-12-01,15.3,1086300.0,814725.0,9,2026-09-01,3.14,2026-12-01,False
NX-00892,APAC,India,True,2025-12-01,9.8,695800.0,521850.0,11,2026-11-01,1.87,2027-01-01,False
NX-00893,APAC,India,True,2025-12-01,16.8,1192800.0,894600.0,9,2026-09-01,11.57,2027-09-01,False
NX-00894,LATAM,LATAM,False,2025-12-01,50.5,3989500.0,2992125.0,9,2026-09-01,0.21,2026-09-01,False
NX-00895,LATAM,LATAM,False,2025-12-01,6.9,545100.0,408825.0,6,2026-06-01,0.21,2026-06-01,False
