order_id,market,booked_key,expected_key,actual_key,mw,order_value,material_committed,promised_months,slip_months,cancelled,status
NX-00001,US / Canada,2024-01-01,2025-05-01,2025-06-01,31.5,2614500.0,1307250.0,16,0.9,False,On plan
NX-00002,US / Canada,2024-01-01,2025-04-01,2025-04-01,24.9,2066700.0,1033350.0,15,0.01,False,On plan
NX-00003,US / Canada,2024-01-01,2024-06-01,2024-09-01,10.8,896400.0000000001,448200.00000000006,5,2.58,False,Slipped 2mo+
NX-00004,US / Canada,2024-01-01,2024-06-01,2024-06-01,6.0,498000.0,249000.0,5,0.0,False,On plan
NX-00005,US / Canada,2024-01-01,2024-12-01,2024-12-01,4.2,348600.0,174300.0,11,0.11,False,On plan
NX-00006,US / Canada,2024-01-01,2024-09-01,2024-09-01,11.9,987700.0,493850.0,8,0.03,False,On plan
NX-00007,US / Canada,2024-01-01,2024-12-01,2024-12-01,15.3,1269900.0,634950.0,11,0.3,False,On plan
NX-00008,US / Canada,2024-01-01,2024-06-01,2024-09-01,12.5,1037500.0,518750.0,5,3.42,False,Slipped 2mo+
NX-00009,US / Canada,2024-01-01,2024-06-01,2024-06-01,21.5,1784500.0,892250.0,5,0.08,False,On plan
NX-00010,US / Canada,2024-01-01,2025-01-01,2025-02-01,17.5,1452500.0,726250.0,12,1.12,False,On plan
NX-00011,US / Canada,2024-01-01,2024-11-01,2024-12-01,14.4,1195200.0,597600.0,10,0.67,False,On plan
NX-00012,US / Canada,2024-01-01,2024-06-01,2024-06-01,30.7,2548100.0,1274050.0,5,0.0,False,On plan
NX-00013,Europe,2024-01-01,2024-12-01,2025-07-01,19.0,1672000.0,836000.0,11,6.8,False,Slipped 2mo+
NX-00014,Europe,2024-01-01,2024-11-01,2024-12-01,22.6,1988800.0,994400.0,10,1.38,False,On plan
NX-00015,Europe,2024-01-01,2024-09-01,2024-11-01,20.6,1812800.0,906400.0,8,1.77,False,On plan
NX-00016,Europe,2024-01-01,2025-01-01,2025-01-01,14.7,1293600.0,646800.0,12,0.25,False,On plan
NX-00017,Europe,2024-01-01,2025-01-01,2025-02-01,12.9,1135200.0,567600.0,12,0.81,False,On plan
NX-00018,MENA,2024-01-01,2024-07-01,2024-10-01,3.6,291600.0,145800.0,6,2.76,False,Slipped 2mo+
NX-00019,MENA,2024-01-01,2025-01-01,,36.2,2932200.0,1466100.0,12,0.09,True,Cancelled
NX-00020,MENA,2024-01-01,2024-10-01,2024-10-01,34.1,2762100.0,1381050.0,9,0.18,False,On plan
NX-00021,India,2024-01-01,2024-06-01,2026-02-01,18.9,1341900.0,670950.0,5,20.04,False,Slipped 2mo+
NX-00022,India,2024-01-01,2024-08-01,2024-10-01,4.9,347900.0,173950.0,7,1.76,False,On plan
NX-00023,India,2024-01-01,2025-01-01,2026-07-01,19.3,1370300.0,685150.0,12,18.15,False,Slipped 2mo+
NX-00024,Australia/SEA,2024-01-01,2024-07-01,2024-07-01,7.2,604800.0,302400.0,6,0.01,False,On plan
NX-00025,US / Canada,2024-02-01,2024-07-01,2024-08-01,12.3,1020900.0,510450.0,5,0.64,False,On plan
NX-00026,US / Canada,2024-02-01,2024-11-01,2024-12-01,12.2,1012600.0,506300.0,9,1.07,False,On plan
NX-00027,US / Canada,2024-02-01,2024-08-01,2024-08-01,10.8,896400.0000000001,448200.00000000006,6,0.16,False,On plan
NX-00028,US / Canada,2024-02-01,2024-07-01,2024-07-01,16.5,1369500.0,684750.0,5,0.02,False,On plan
NX-00029,US / Canada,2024-02-01,2024-07-01,2024-07-01,7.2,597600.0,298800.0,5,0.08,False,On plan
NX-00030,US / Canada,2024-02-01,2024-07-01,2024-07-01,5.0,415000.0,207500.0,5,0.0,False,On plan
NX-00031,US / Canada,2024-02-01,2024-08-01,2024-08-01,20.5,1701500.0,850750.0,6,0.06,False,On plan
NX-00032,US / Canada,2024-02-01,2024-07-01,2024-08-01,24.5,2033500.0,1016750.0,5,1.39,False,On plan
NX-00033,US / Canada,2024-02-01,2024-07-01,2024-07-01,14.1,1170300.0,585150.0,5,0.06,False,On plan
NX-00034,US / Canada,2024-02-01,2025-11-01,2025-11-01,10.1,838300.0,419150.0,21,0.0,False,On plan
NX-00035,US / Canada,2024-02-01,2024-11-01,2024-11-01,13.4,1112200.0,556100.0,9,0.32,False,On plan
NX-00036,US / Canada,2024-02-01,2024-07-01,2024-07-01,31.8,2639400.0,1319700.0,5,0.35,False,On plan
NX-00037,US / Canada,2024-02-01,2024-12-01,2024-12-01,5.8,481400.0,240700.0,10,0.3,False,On plan
NX-00038,US / Canada,2024-02-01,2024-09-01,2025-04-01,14.3,1186900.0,593450.0,7,6.97,False,Slipped 2mo+
NX-00039,US / Canada,2024-02-01,2025-03-01,2025-03-01,14.1,1170300.0,585150.0,13,0.02,False,On plan
NX-00040,US / Canada,2024-02-01,2024-08-01,2024-08-01,7.2,597600.0,298800.0,6,0.39,False,On plan
NX-00041,US / Canada,2024-02-01,2024-07-01,2024-09-01,16.5,1369500.0,684750.0,5,2.37,False,Slipped 2mo+
NX-00042,US / Canada,2024-02-01,2025-01-01,2025-01-01,34.0,2822000.0,1411000.0,11,0.03,False,On plan
NX-00043,US / Canada,2024-02-01,2024-08-01,2024-09-01,45.5,3776500.0,1888250.0,6,0.5,False,On plan
NX-00044,US / Canada,2024-02-01,2024-07-01,2024-07-01,24.5,2033500.0,1016750.0,5,0.24,False,On plan
NX-00045,US / Canada,2024-02-01,2025-01-01,2025-04-01,8.2,680599.9999999999,340299.99999999994,11,3.04,False,Slipped 2mo+
NX-00046,US / Canada,2024-02-01,2024-12-01,2025-01-01,15.6,1294800.0,647400.0,10,1.46,False,On plan
NX-00047,US / Canada,2024-02-01,2024-08-01,2024-09-01,25.8,2141400.0,1070700.0,6,0.66,False,On plan
NX-00048,US / Canada,2024-02-01,2024-08-01,2024-09-01,5.5,456500.0,228250.0,6,0.99,False,On plan
NX-00049,US / Canada,2024-02-01,2024-07-01,2024-07-01,16.2,1344600.0,672300.0,5,0.0,False,On plan
NX-00050,US / Canada,2024-02-01,2024-07-01,2024-08-01,8.8,730400.0000000001,365200.00000000006,5,1.32,False,On plan
NX-00051,US / Canada,2024-02-01,2025-09-01,2025-09-01,30.1,2498300.0,1249150.0,19,0.0,False,On plan
NX-00052,Europe,2024-02-01,2024-10-01,2024-12-01,14.6,1284800.0,642400.0,8,1.61,False,On plan
NX-00053,Europe,2024-02-01,2024-11-01,2025-02-01,1.9,167200.0,83600.0,9,3.04,False,Slipped 2mo+
NX-00054,India,2024-02-01,2024-09-01,2025-05-01,4.1,291100.0,145550.0,7,8.19,False,Slipped 2mo+
NX-00055,India,2024-02-01,2025-03-01,2025-03-01,8.8,624800.0,312400.0,13,0.16,False,On plan
NX-00056,India,2024-02-01,2025-02-01,2025-02-01,10.7,759700.0,379850.0,12,0.05,False,On plan
NX-00057,India,2024-02-01,2024-10-01,,21.3,1512300.0,756150.0,8,20.23,True,Cancelled
NX-00058,LATAM,2024-02-01,2024-07-01,2025-04-01,6.4,505600.0,252800.0,5,8.66,False,Slipped 2mo+
NX-00059,LATAM,2024-02-01,2024-08-01,2024-12-01,11.8,932200.0,466100.0,6,3.54,False,Slipped 2mo+
NX-00060,US / Canada,2024-03-01,2024-11-01,2024-12-01,7.2,597600.0,298800.0,8,0.5,False,On plan
NX-00061,US / Canada,2024-03-01,2024-09-01,2024-09-01,18.9,1568699.9999999998,784349.9999999999,6,0.0,False,On plan
NX-00062,US / Canada,2024-03-01,2024-09-01,2024-10-01,32.5,2697500.0,1348750.0,6,0.7,False,On plan
NX-00063,US / Canada,2024-03-01,2025-03-01,2025-04-01,10.2,846599.9999999999,423299.99999999994,12,1.45,False,On plan
NX-00064,US / Canada,2024-03-01,2024-11-01,2024-11-01,82.5,6847500.0,3423750.0,8,0.03,False,On plan
NX-00065,US / Canada,2024-03-01,2024-09-01,2024-09-01,29.9,2481700.0,1240850.0,6,0.48,False,On plan
NX-00066,US / Canada,2024-03-01,2025-03-01,2025-04-01,5.6,464800.0,232400.0,12,0.94,False,On plan
NX-00067,US / Canada,2024-03-01,2024-08-01,2024-09-01,11.3,937900.0,468950.0,5,1.46,False,On plan
NX-00068,US / Canada,2024-03-01,2024-12-01,2024-12-01,5.7,473100.0,236550.0,9,0.0,False,On plan
NX-00069,US / Canada,2024-03-01,2025-07-01,2025-07-01,10.5,871500.0,435750.0,16,0.03,False,On plan
NX-00070,US / Canada,2024-03-01,2025-10-01,2025-10-01,5.4,448200.00000000006,224100.00000000003,19,0.32,False,On plan
NX-00071,US / Canada,2024-03-01,2025-02-01,2025-02-01,28.0,2324000.0,1162000.0,11,0.01,False,On plan
NX-00072,US / Canada,2024-03-01,2024-11-01,2024-11-01,3.5,290500.0,145250.0,8,0.0,False,On plan
NX-00073,US / Canada,2024-03-01,2024-08-01,2024-08-01,6.8,564400.0,282200.0,5,0.18,False,On plan
NX-00074,US / Canada,2024-03-01,2024-11-01,2025-04-01,43.1,3577300.0,1788650.0,8,4.89,False,Slipped 2mo+
NX-00075,US / Canada,2024-03-01,2024-10-01,2024-10-01,22.9,1900700.0,950350.0,7,0.02,False,On plan
NX-00076,US / Canada,2024-03-01,2024-10-01,2024-10-01,11.1,921300.0,460650.0,7,0.02,False,On plan
NX-00077,US / Canada,2024-03-01,2025-11-01,2025-11-01,43.5,3610500.0,1805250.0,20,0.0,False,On plan
NX-00078,US / Canada,2024-03-01,2025-01-01,2025-02-01,8.6,713800.0,356900.0,10,0.65,False,On plan
NX-00079,US / Canada,2024-03-01,2024-08-01,2024-09-01,5.5,456500.0,228250.0,5,0.68,False,On plan
NX-00080,US / Canada,2024-03-01,2024-08-01,2024-08-01,51.5,4274500.0,2137250.0,5,0.01,False,On plan
NX-00081,US / Canada,2024-03-01,2024-12-01,2024-12-01,13.8,1145400.0,572700.0,9,0.32,False,On plan
NX-00082,US / Canada,2024-03-01,2024-09-01,2024-09-01,18.7,1552100.0,776050.0,6,0.04,False,On plan
NX-00083,US / Canada,2024-03-01,2025-03-01,2025-03-01,36.2,3004600.0000000005,1502300.0000000002,12,0.0,False,On plan
NX-00084,Europe,2024-03-01,2025-01-01,2025-02-01,45.0,3960000.0,1980000.0,10,0.76,False,On plan
NX-00085,Europe,2024-03-01,2024-10-01,2024-10-01,20.2,1777600.0,888800.0,7,0.14,False,On plan
NX-00086,Europe,2024-03-01,2024-12-01,2024-12-01,16.5,1452000.0,726000.0,9,0.45,False,On plan
NX-00087,MENA,2024-03-01,2024-08-01,2024-08-01,12.2,988200.0,494100.0,5,0.03,False,On plan
NX-00088,MENA,2024-03-01,2024-08-01,2025-01-01,5.1,413100.0,206550.0,5,4.69,False,Slipped 2mo+
NX-00089,MENA,2024-03-01,2024-08-01,2024-08-01,5.0,405000.0,202500.0,5,0.22,False,On plan
NX-00090,MENA,2024-03-01,2024-09-01,2024-10-01,33.2,2689200.0,1344600.0,6,0.71,False,On plan
NX-00091,Australia/SEA,2024-03-01,2025-07-01,2025-07-01,12.3,1033200.0,516600.0,16,0.12,False,On plan
NX-00092,Australia/SEA,2024-03-01,2025-07-01,2025-07-01,26.3,2209200.0,1104600.0,16,0.3,False,On plan
NX-00093,LATAM,2024-03-01,2025-04-01,2025-05-01,8.9,703100.0,351550.0,13,1.41,False,On plan
NX-00094,LATAM,2024-03-01,2024-08-01,2024-10-01,7.1,560900.0,280450.0,5,1.82,False,On plan
NX-00095,LATAM,2024-03-01,2025-08-01,2025-11-01,9.4,742600.0,371300.0,17,3.24,False,Slipped 2mo+
NX-00096,US / Canada,2024-04-01,2024-10-01,2024-12-01,17.5,1452500.0,726250.0,6,2.47,False,Slipped 2mo+
NX-00097,US / Canada,2024-04-01,2025-01-01,2025-01-01,8.1,672300.0,336150.0,9,0.03,False,On plan
NX-00098,US / Canada,2024-04-01,2024-09-01,2024-09-01,40.4,3353200.0,1676600.0,5,0.46,False,On plan
NX-00099,US / Canada,2024-04-01,2024-11-01,2024-11-01,21.9,1817700.0,908850.0,7,0.06,False,On plan
NX-00100,US / Canada,2024-04-01,2025-04-01,2025-04-01,5.3,439900.0,219950.0,12,0.0,False,On plan
NX-00101,US / Canada,2024-04-01,2024-10-01,2024-10-01,10.3,854900.0000000001,427450.00000000006,6,0.1,False,On plan
NX-00102,US / Canada,2024-04-01,2025-02-01,2025-02-01,12.9,1070700.0,535350.0,10,0.0,False,On plan
NX-00103,US / Canada,2024-04-01,2025-12-01,2026-03-01,5.7,473100.0,236550.0,20,3.28,False,Slipped 2mo+
NX-00104,US / Canada,2024-04-01,2025-04-01,2025-05-01,24.8,2058400.0,1029200.0,12,1.24,False,On plan
NX-00105,US / Canada,2024-04-01,2024-09-01,2024-09-01,4.5,373500.0,186750.0,5,0.15,False,On plan
NX-00106,US / Canada,2024-04-01,2024-09-01,2024-09-01,10.8,896400.0000000001,448200.00000000006,5,0.0,False,On plan
NX-00107,US / Canada,2024-04-01,2024-12-01,2024-12-01,30.1,2498300.0,1249150.0,8,0.07,False,On plan
NX-00108,US / Canada,2024-04-01,2024-09-01,2024-09-01,8.6,713800.0,356900.0,5,0.25,False,On plan
NX-00109,US / Canada,2024-04-01,2024-12-01,2024-12-01,15.0,1245000.0,622500.0,8,0.02,False,On plan
NX-00110,US / Canada,2024-04-01,2024-09-01,2025-03-01,5.1,423300.0,211650.0,5,6.26,False,Slipped 2mo+
NX-00111,US / Canada,2024-04-01,2025-01-01,2025-01-01,98.4,8167200.000000001,4083600.0000000005,9,0.21,False,On plan
NX-00112,US / Canada,2024-04-01,2024-11-01,2024-11-01,21.8,1809400.0,904700.0,7,0.03,False,On plan
NX-00113,US / Canada,2024-04-01,2024-11-01,2024-12-01,21.3,1767900.0,883950.0,7,0.52,False,On plan
NX-00114,US / Canada,2024-04-01,2025-04-01,2025-04-01,8.6,713800.0,356900.0,12,0.01,False,On plan
NX-00115,US / Canada,2024-04-01,2024-10-01,2024-10-01,4.0,332000.0,166000.0,6,0.0,False,On plan
NX-00116,US / Canada,2024-04-01,2024-09-01,2024-12-01,11.0,913000.0,456500.0,5,2.72,False,Slipped 2mo+
NX-00117,US / Canada,2024-04-01,2024-11-01,2024-11-01,15.2,1261600.0,630800.0,7,0.15,False,On plan
NX-00118,US / Canada,2024-04-01,2024-09-01,2024-10-01,11.3,937900.0,468950.0,5,1.03,False,On plan
NX-00119,US / Canada,2024-04-01,2025-04-01,2025-05-01,18.7,1552100.0,776050.0,12,0.5,False,On plan
NX-00120,US / Canada,2024-04-01,2025-03-01,2025-03-01,3.8,315400.0,157700.0,11,0.11,False,On plan
NX-00121,US / Canada,2024-04-01,2024-09-01,2024-10-01,5.8,481400.0,240700.0,5,1.25,False,On plan
NX-00122,US / Canada,2024-04-01,2024-11-01,2025-01-01,4.4,365200.00000000006,182600.00000000003,7,1.73,False,On plan
NX-00123,US / Canada,2024-04-01,2024-09-01,2025-03-01,26.3,2182900.0,1091450.0,5,5.73,False,Slipped 2mo+
NX-00124,US / Canada,2024-04-01,2024-10-01,2024-10-01,6.4,531200.0,265600.0,6,0.01,False,On plan
NX-00125,US / Canada,2024-04-01,2024-09-01,2024-10-01,55.3,4589900.0,2294950.0,5,1.22,False,On plan
NX-00126,US / Canada,2024-04-01,2024-12-01,2024-12-01,6.7,556100.0,278050.0,8,0.01,False,On plan
NX-00127,US / Canada,2024-04-01,2025-05-01,2025-05-01,27.9,2315700.0,1157850.0,13,0.21,False,On plan
NX-00128,US / Canada,2024-04-01,2024-09-01,2024-10-01,14.2,1178600.0,589300.0,5,0.85,False,On plan
NX-00129,Europe,2024-04-01,2025-04-01,2025-05-01,23.3,2050400.0,1025200.0,12,0.85,False,On plan
NX-00130,Europe,2024-04-01,2024-09-01,,5.9,519200.00000000006,259600.00000000003,5,0.88,True,Cancelled
NX-00131,MENA,2024-04-01,2024-12-01,2025-02-01,16.5,1336500.0,668250.0,8,1.68,False,On plan
NX-00132,MENA,2024-04-01,2024-12-01,2025-05-01,37.1,3005100.0,1502550.0,8,4.63,False,Slipped 2mo+
NX-00133,India,2024-04-01,2024-09-01,2024-10-01,11.2,795200.0,397600.0,5,0.86,False,On plan
NX-00134,Australia/SEA,2024-04-01,2025-03-01,2025-04-01,8.9,747600.0,373800.0,11,1.05,False,On plan
NX-00135,Australia/SEA,2024-04-01,2024-09-01,2025-03-01,27.3,2293200.0,1146600.0,5,6.49,False,Slipped 2mo+
NX-00136,LATAM,2024-04-01,2025-03-01,2026-08-01,14.6,1153400.0,576700.0,11,16.53,False,Slipped 2mo+
NX-00137,LATAM,2024-04-01,2024-09-01,2024-10-01,10.4,821600.0,410800.0,5,0.91,False,On plan
NX-00138,US / Canada,2024-05-01,2024-12-01,2025-01-01,28.3,2348900.0,1174450.0,7,1.06,False,On plan
NX-00139,US / Canada,2024-05-01,2025-02-01,2025-02-01,10.5,871500.0,435750.0,9,0.03,False,On plan
NX-00140,US / Canada,2024-05-01,2025-01-01,2025-01-01,15.0,1245000.0,622500.0,8,0.06,False,On plan
NX-00141,US / Canada,2024-05-01,2025-01-01,2025-01-01,7.8,647400.0,323700.0,8,0.07,False,On plan
NX-00142,US / Canada,2024-05-01,2024-11-01,2024-12-01,6.4,531200.0,265600.0,6,0.77,False,On plan
NX-00143,US / Canada,2024-05-01,2024-11-01,2024-11-01,44.0,3652000.0,1826000.0,6,0.0,False,On plan
NX-00144,US / Canada,2024-05-01,2025-01-01,2025-01-01,22.7,1884100.0,942050.0,8,0.01,False,On plan
NX-00145,US / Canada,2024-05-01,2024-10-01,2024-11-01,4.5,373500.0,186750.0,5,0.78,False,On plan
NX-00146,US / Canada,2024-05-01,2024-10-01,2024-10-01,26.3,2182900.0,1091450.0,5,0.09,False,On plan
NX-00147,US / Canada,2024-05-01,2024-11-01,2024-12-01,11.3,937900.0,468950.0,6,0.8,False,On plan
NX-00148,US / Canada,2024-05-01,2025-03-01,2025-03-01,13.8,1145400.0,572700.0,10,0.02,False,On plan
NX-00149,US / Canada,2024-05-01,2024-11-01,2024-12-01,14.9,1236700.0,618350.0,6,0.92,False,On plan
NX-00150,US / Canada,2024-05-01,2024-12-01,2024-12-01,16.6,1377800.0000000002,688900.0000000001,7,0.01,False,On plan
NX-00151,US / Canada,2024-05-01,2025-03-01,2025-03-01,2.8,232400.0,116200.0,10,0.07,False,On plan
NX-00152,US / Canada,2024-05-01,2025-05-01,,7.4,614200.0,307100.0,12,0.64,True,Cancelled
NX-00153,US / Canada,2024-05-01,2024-11-01,2024-11-01,96.3,7992900.0,3996450.0,6,0.49,False,On plan
NX-00154,US / Canada,2024-05-01,2025-05-01,2025-06-01,16.8,1394400.0,697200.0,12,0.71,False,On plan
NX-00155,US / Canada,2024-05-01,2025-02-01,2025-02-01,44.2,3668600.000000001,1834300.0000000005,9,0.13,False,On plan
NX-00156,US / Canada,2024-05-01,2024-11-01,2024-11-01,62.7,5204100.0,2602050.0,6,0.2,False,On plan
NX-00157,US / Canada,2024-05-01,2024-12-01,2024-12-01,76.0,6308000.0,3154000.0,7,0.0,False,On plan
NX-00158,US / Canada,2024-05-01,2024-12-01,,39.4,3270200.0,1635100.0,7,0.69,True,Cancelled
NX-00159,US / Canada,2024-05-01,2024-11-01,2024-11-01,14.3,1186900.0,593450.0,6,0.09,False,On plan
NX-00160,US / Canada,2024-05-01,2024-10-01,2024-10-01,17.4,1444199.9999999998,722099.9999999999,5,0.03,False,On plan
NX-00161,US / Canada,2024-05-01,2024-11-01,2024-11-01,3.6,298800.0,149400.0,6,0.01,False,On plan
NX-00162,US / Canada,2024-05-01,2026-02-01,2026-04-01,39.2,3253600.0000000005,1626800.0000000002,21,1.91,False,On plan
NX-00163,US / Canada,2024-05-01,2024-10-01,2024-10-01,17.7,1469100.0,734550.0,5,0.04,False,On plan
NX-00164,US / Canada,2024-05-01,2025-02-01,2025-02-01,9.0,747000.0,373500.0,9,0.15,False,On plan
NX-00165,US / Canada,2024-05-01,2025-02-01,2025-02-01,45.0,3735000.0,1867500.0,9,0.03,False,On plan
NX-00166,Europe,2024-05-01,2025-05-01,2025-05-01,12.3,1082400.0,541200.0,12,0.14,False,On plan
NX-00167,India,2024-05-01,2024-10-01,2024-12-01,12.5,887500.0,443750.0,5,1.65,False,On plan
NX-00168,Australia/SEA,2024-05-01,2025-03-01,2025-03-01,22.5,1890000.0,945000.0,10,0.21,False,On plan
NX-00169,Australia/SEA,2024-05-01,2025-01-01,2025-03-01,5.1,428400.0,214200.0,8,1.77,False,On plan
NX-00170,LATAM,2024-05-01,2024-12-01,2024-12-01,25.5,2014500.0,1007250.0,7,0.37,False,On plan
NX-00171,LATAM,2024-05-01,2025-03-01,2025-05-01,19.4,1532600.0,766300.0,10,1.51,False,On plan
NX-00172,LATAM,2024-05-01,2025-01-01,2025-07-01,12.7,1003300.0,501650.0,8,6.16,False,Slipped 2mo+
NX-00173,US / Canada,2024-06-01,2025-04-01,2025-04-01,6.0,498000.0,249000.0,10,0.45,False,On plan
NX-00174,US / Canada,2024-06-01,2025-02-01,2025-04-01,12.1,1004300.0,502150.0,8,1.72,False,On plan
NX-00175,US / Canada,2024-06-01,2025-08-01,2025-08-01,7.8,647400.0,323700.0,14,0.0,False,On plan
NX-00176,US / Canada,2024-06-01,2024-11-01,2024-11-01,84.5,7013500.0,3506750.0,5,0.02,False,On plan
NX-00177,US / Canada,2024-06-01,2024-11-01,2024-11-01,14.0,1162000.0,581000.0,5,0.07,False,On plan
NX-00178,US / Canada,2024-06-01,2025-04-01,2025-04-01,32.2,2672600.0000000005,1336300.0000000002,10,0.41,False,On plan
NX-00179,US / Canada,2024-06-01,2024-11-01,2024-11-01,60.6,5029800.0,2514900.0,5,0.05,False,On plan
NX-00180,US / Canada,2024-06-01,2024-12-01,2024-12-01,13.3,1103900.0,551950.0,6,0.0,False,On plan
NX-00181,US / Canada,2024-06-01,2025-02-01,2025-02-01,13.0,1079000.0,539500.0,8,0.0,False,On plan
NX-00182,US / Canada,2024-06-01,2025-01-01,2025-01-01,17.7,1469100.0,734550.0,7,0.0,False,On plan
NX-00183,US / Canada,2024-06-01,2025-08-01,2025-08-01,17.5,1452500.0,726250.0,14,0.01,False,On plan
NX-00184,US / Canada,2024-06-01,2025-01-01,2025-01-01,46.2,3834600.000000001,1917300.0000000005,7,0.1,False,On plan
NX-00185,US / Canada,2024-06-01,2024-11-01,2024-12-01,51.3,4257900.0,2128950.0,5,0.64,False,On plan
NX-00186,US / Canada,2024-06-01,2025-01-01,2025-01-01,68.7,5702100.0,2851050.0,7,0.0,False,On plan
NX-00187,US / Canada,2024-06-01,2024-11-01,2024-11-01,42.3,3510899.9999999995,1755449.9999999998,5,0.04,False,On plan
NX-00188,US / Canada,2024-06-01,2025-05-01,2025-05-01,30.9,2564700.0,1282350.0,11,0.0,False,On plan
NX-00189,US / Canada,2024-06-01,2025-03-01,2025-03-01,4.0,332000.0,166000.0,9,0.22,False,On plan
NX-00190,US / Canada,2024-06-01,2024-11-01,2024-11-01,22.3,1850900.0,925450.0,5,0.47,False,On plan
NX-00191,US / Canada,2024-06-01,2024-11-01,2025-01-01,22.6,1875800.0,937900.0,5,1.64,False,On plan
NX-00192,US / Canada,2024-06-01,2024-12-01,2024-12-01,9.1,755300.0,377650.0,6,0.0,False,On plan
NX-00193,US / Canada,2024-06-01,2024-11-01,2024-12-01,9.7,805099.9999999999,402549.99999999994,5,0.81,False,On plan
NX-00194,Europe,2024-06-01,2025-01-01,2025-03-01,40.3,3546399.9999999995,1773199.9999999998,7,1.53,False,On plan
NX-00195,Europe,2024-06-01,2024-12-01,2025-02-01,4.0,352000.0,176000.0,6,2.05,False,Slipped 2mo+
NX-00196,Europe,2024-06-01,2024-11-01,,24.8,2182400.0,1091200.0,5,0.84,True,Cancelled
NX-00197,Europe,2024-06-01,2024-11-01,2024-12-01,17.9,1575199.9999999998,787599.9999999999,5,1.07,False,On plan
NX-00198,Europe,2024-06-01,2024-11-01,2024-11-01,7.5,660000.0,330000.0,5,0.21,False,On plan
NX-00199,Europe,2024-06-01,2025-06-01,2025-12-01,11.3,994400.0,497200.0,12,6.45,False,Slipped 2mo+
NX-00200,Europe,2024-06-01,2024-11-01,2024-12-01,25.0,2200000.0,1100000.0,5,0.51,False,On plan
NX-00201,India,2024-06-01,2025-12-01,2026-01-01,7.2,511200.0,255600.0,18,1.42,False,On plan
NX-00202,Australia/SEA,2024-06-01,2025-01-01,,30.4,2553600.0,1276800.0,7,0.02,True,Cancelled
NX-00203,Australia/SEA,2024-06-01,2024-11-01,2024-12-01,16.5,1386000.0,693000.0,5,1.47,False,On plan
NX-00204,LATAM,2024-06-01,2024-11-01,2025-07-01,25.5,2014500.0,1007250.0,5,8.39,False,Slipped 2mo+
NX-00205,LATAM,2024-06-01,2025-05-01,2025-11-01,19.6,1548400.0,774200.0,11,6.36,False,Slipped 2mo+
NX-00206,US / Canada,2024-07-01,2024-12-01,2024-12-01,4.7,390100.0,195050.0,5,0.21,False,On plan
NX-00207,US / Canada,2024-07-01,2024-12-01,2024-12-01,51.3,4257900.0,2128950.0,5,0.0,False,On plan
NX-00208,US / Canada,2024-07-01,2025-03-01,2025-04-01,13.8,1145400.0,572700.0,8,0.55,False,On plan
NX-00209,US / Canada,2024-07-01,2025-09-01,2025-09-01,30.8,2556400.0,1278200.0,14,0.0,False,On plan
NX-00210,US / Canada,2024-07-01,2024-12-01,2025-01-01,29.0,2407000.0,1203500.0,5,0.51,False,On plan
NX-00211,US / Canada,2024-07-01,2024-12-01,2024-12-01,12.4,1029200.0,514600.0,5,0.0,False,On plan
NX-00212,US / Canada,2024-07-01,2025-03-01,2025-03-01,31.5,2614500.0,1307250.0,8,0.0,False,On plan
NX-00213,US / Canada,2024-07-01,2025-05-01,2025-05-01,8.9,738700.0,369350.0,10,0.46,False,On plan
NX-00214,US / Canada,2024-07-01,2025-01-01,2025-01-01,9.7,805099.9999999999,402549.99999999994,6,0.05,False,On plan
NX-00215,US / Canada,2024-07-01,2025-01-01,2025-01-01,18.2,1510600.0,755300.0,6,0.0,False,On plan
NX-00216,US / Canada,2024-07-01,2024-12-01,2024-12-01,20.7,1718100.0,859050.0,5,0.01,False,On plan
NX-00217,US / Canada,2024-07-01,2025-03-01,2025-03-01,47.5,3942500.0,1971250.0,8,0.16,False,On plan
NX-00218,US / Canada,2024-07-01,2025-01-01,2025-02-01,8.2,680599.9999999999,340299.99999999994,6,0.64,False,On plan
NX-00219,US / Canada,2024-07-01,2025-05-01,2025-06-01,8.4,697200.0,348600.0,10,0.99,False,On plan
NX-00220,US / Canada,2024-07-01,2025-03-01,2025-03-01,4.7,390100.0,195050.0,8,0.11,False,On plan
NX-00221,US / Canada,2024-07-01,2025-06-01,2025-06-01,18.7,1552100.0,776050.0,11,0.4,False,On plan
NX-00222,US / Canada,2024-07-01,2025-02-01,2025-02-01,3.5,290500.0,145250.0,7,0.12,False,On plan
NX-00223,Europe,2024-07-01,2024-12-01,2025-01-01,20.9,1839200.0,919600.0,5,0.8,False,On plan
NX-00224,Europe,2024-07-01,2025-03-01,2025-03-01,5.4,475200.00000000006,237600.00000000003,8,0.13,False,On plan
NX-00225,Europe,2024-07-01,2024-12-01,2025-04-01,5.2,457600.0,228800.0,5,4.29,False,Slipped 2mo+
NX-00226,Europe,2024-07-01,2025-04-01,2025-04-01,41.7,3669600.000000001,1834800.0000000005,9,0.05,False,On plan
NX-00227,MENA,2024-07-01,2025-08-01,2025-08-01,25.5,2065500.0,1032750.0,13,0.29,False,On plan
NX-00228,MENA,2024-07-01,2025-12-01,2027-04-01,5.3,429300.0,214650.0,17,16.02,False,Slipped 2mo+
NX-00229,India,2024-07-01,2025-09-01,2025-09-01,48.4,3436400.0,1718200.0,14,0.01,False,On plan
NX-00230,Australia/SEA,2024-07-01,2025-01-01,2025-01-01,8.2,688799.9999999999,344399.99999999994,6,0.31,False,On plan
NX-00231,Australia/SEA,2024-07-01,2025-01-01,2025-02-01,14.4,1209600.0,604800.0,6,0.64,False,On plan
NX-00232,Australia/SEA,2024-07-01,2025-03-01,2025-05-01,14.6,1226400.0,613200.0,8,2.11,False,Slipped 2mo+
NX-00233,Australia/SEA,2024-07-01,2024-12-01,2025-03-01,9.7,814799.9999999999,407399.99999999994,5,3.36,False,Slipped 2mo+
NX-00234,LATAM,2024-07-01,2025-03-01,2025-05-01,5.9,466100.0,233050.0,8,2.02,False,Slipped 2mo+
NX-00235,LATAM,2024-07-01,2025-06-01,2025-06-01,31.8,2512200.0,1256100.0,11,0.01,False,On plan
NX-00236,LATAM,2024-07-01,2025-04-01,2025-04-01,17.0,1343000.0,671500.0,9,0.27,False,On plan
NX-00237,LATAM,2024-07-01,2025-02-01,2025-02-01,12.5,987500.0,493750.0,7,0.0,False,On plan
NX-00238,US / Canada,2024-08-01,2025-08-01,2025-08-01,19.2,1593600.0,796800.0,12,0.0,False,On plan
NX-00239,US / Canada,2024-08-01,2025-05-01,2025-05-01,43.7,3627100.000000001,1813550.0000000005,9,0.2,False,On plan
NX-00240,US / Canada,2024-08-01,2025-01-01,2025-02-01,22.5,1867500.0,933750.0,5,1.48,False,On plan
NX-00241,US / Canada,2024-08-01,2025-04-01,2025-05-01,15.6,1294800.0,647400.0,8,1.05,False,On plan
NX-00242,US / Canada,2024-08-01,2025-04-01,2025-04-01,18.8,1560400.0,780200.0,8,0.0,False,On plan
NX-00243,US / Canada,2024-08-01,2025-01-01,2025-01-01,8.4,697200.0,348600.0,5,0.07,False,On plan
NX-00244,US / Canada,2024-08-01,2025-06-01,2025-06-01,14.9,1236700.0,618350.0,10,0.0,False,On plan
NX-00245,US / Canada,2024-08-01,2025-01-01,2025-01-01,5.8,481400.0,240700.0,5,0.02,False,On plan
NX-00246,US / Canada,2024-08-01,2025-01-01,2025-01-01,5.2,431600.0,215800.0,5,0.0,False,On plan
NX-00247,US / Canada,2024-08-01,2025-01-01,2025-03-01,25.1,2083300.0,1041650.0,5,1.53,False,On plan
NX-00248,US / Canada,2024-08-01,2025-04-01,2025-04-01,14.8,1228400.0,614200.0,8,0.0,False,On plan
NX-00249,US / Canada,2024-08-01,2025-06-01,2025-06-01,28.8,2390400.0,1195200.0,10,0.36,False,On plan
NX-00250,US / Canada,2024-08-01,2025-01-01,2025-01-01,4.8,398400.0,199200.0,5,0.01,False,On plan
NX-00251,US / Canada,2024-08-01,2025-07-01,2025-07-01,33.1,2747300.0,1373650.0,11,0.2,False,On plan
NX-00252,US / Canada,2024-08-01,2025-05-01,2025-06-01,27.1,2249300.0,1124650.0,9,0.57,False,On plan
NX-00253,US / Canada,2024-08-01,2025-03-01,2025-04-01,13.1,1087300.0,543650.0,7,0.76,False,On plan
NX-00254,US / Canada,2024-08-01,2025-01-01,2025-01-01,32.2,2672600.0000000005,1336300.0000000002,5,0.0,False,On plan
NX-00255,US / Canada,2024-08-01,2025-02-01,2025-02-01,15.2,1261600.0,630800.0,6,0.0,False,On plan
NX-00256,US / Canada,2024-08-01,2025-08-01,2025-08-01,9.7,805099.9999999999,402549.99999999994,12,0.0,False,On plan
NX-00257,US / Canada,2024-08-01,2025-02-01,2025-02-01,13.8,1145400.0,572700.0,6,0.47,False,On plan
NX-00258,Europe,2024-08-01,2025-12-01,2025-12-01,5.8,510400.0,255200.0,16,0.28,False,On plan
NX-00259,Europe,2024-08-01,2026-02-01,2026-07-01,12.7,1117600.0,558800.0,18,5.01,False,Slipped 2mo+
NX-00260,Europe,2024-08-01,2025-01-01,2025-01-01,8.1,712800.0,356400.0,5,0.1,False,On plan
NX-00261,MENA,2024-08-01,2025-01-01,2025-03-01,16.5,1336500.0,668250.0,5,2.3,False,Slipped 2mo+
NX-00262,MENA,2024-08-01,2025-07-01,2025-07-01,9.7,785700.0,392850.0,11,0.05,False,On plan
NX-00263,MENA,2024-08-01,2025-01-01,2025-02-01,10.0,810000.0,405000.0,5,0.89,False,On plan
NX-00264,India,2024-08-01,2025-12-01,2026-05-01,9.5,674500.0,337250.0,16,5.22,False,Slipped 2mo+
NX-00265,India,2024-08-01,2025-03-01,2025-06-01,11.2,795200.0,397600.0,7,2.79,False,Slipped 2mo+
NX-00266,Australia/SEA,2024-08-01,2025-06-01,2025-06-01,49.5,4158000.0,2079000.0,10,0.17,False,On plan
NX-00267,LATAM,2024-08-01,2025-03-01,2025-08-01,7.5,592500.0,296250.0,7,4.83,False,Slipped 2mo+
NX-00268,US / Canada,2024-09-01,2025-09-01,2025-09-01,7.1,589300.0,294650.0,12,0.35,False,On plan
NX-00269,US / Canada,2024-09-01,2025-08-01,2025-08-01,7.0,581000.0,290500.0,11,0.0,False,On plan
NX-00270,US / Canada,2024-09-01,2025-05-01,2025-05-01,7.2,597600.0,298800.0,8,0.47,False,On plan
NX-00271,US / Canada,2024-09-01,2025-07-01,,7.0,581000.0,290500.0,10,0.49,True,Cancelled
NX-00272,US / Canada,2024-09-01,2025-02-01,2025-02-01,3.1,257300.0,128650.0,5,0.01,False,On plan
NX-00273,US / Canada,2024-09-01,2025-02-01,2025-03-01,8.0,664000.0,332000.0,5,0.58,False,On plan
NX-00274,US / Canada,2024-09-01,2025-06-01,2025-06-01,114.9,9536700.0,4768350.0,9,0.01,False,On plan
NX-00275,US / Canada,2024-09-01,2025-04-01,2025-04-01,9.1,755300.0,377650.0,7,0.09,False,On plan
NX-00276,US / Canada,2024-09-01,2026-01-01,2026-01-01,14.5,1203500.0,601750.0,16,0.0,False,On plan
NX-00277,US / Canada,2024-09-01,2025-05-01,2025-05-01,24.8,2058400.0,1029200.0,8,0.0,False,On plan
NX-00278,US / Canada,2024-09-01,2025-08-01,2025-08-01,22.7,1884100.0,942050.0,11,0.0,False,On plan
NX-00279,US / Canada,2024-09-01,2025-02-01,2025-02-01,7.7,639100.0,319550.0,5,0.01,False,On plan
NX-00280,US / Canada,2024-09-01,2025-09-01,2025-09-01,59.8,4963400.0,2481700.0,12,0.0,False,On plan
NX-00281,US / Canada,2024-09-01,2025-02-01,2025-04-01,8.2,680599.9999999999,340299.99999999994,5,1.77,False,On plan
NX-00282,US / Canada,2024-09-01,2025-04-01,2025-04-01,5.8,481400.0,240700.0,7,0.35,False,On plan
NX-00283,US / Canada,2024-09-01,2025-04-01,2025-04-01,23.0,1909000.0,954500.0,7,0.07,False,On plan
NX-00284,US / Canada,2024-09-01,2025-12-01,2025-12-01,6.1,506300.0,253150.0,15,0.0,False,On plan
NX-00285,US / Canada,2024-09-01,2025-03-01,2025-03-01,22.8,1892400.0,946200.0,6,0.03,False,On plan
NX-00286,Europe,2024-09-01,2025-02-01,2025-02-01,9.3,818400.0000000001,409200.00000000006,5,0.05,False,On plan
NX-00287,Europe,2024-09-01,2025-02-01,2025-02-01,14.3,1258400.0,629200.0,5,0.45,False,On plan
NX-00288,MENA,2024-09-01,2025-04-01,2025-04-01,22.7,1838700.0,919350.0,7,0.46,False,On plan
NX-00289,MENA,2024-09-01,2025-05-01,2025-09-01,12.4,1004400.0,502200.0,8,3.83,False,Slipped 2mo+
NX-00290,India,2024-09-01,2025-05-01,2025-08-01,10.2,724200.0,362100.0,8,3.12,False,Slipped 2mo+
NX-00291,India,2024-09-01,2025-08-01,2025-10-01,15.8,1121800.0,560900.0,11,2.14,False,Slipped 2mo+
NX-00292,Australia/SEA,2024-09-01,2025-04-01,2025-04-01,23.3,1957200.0,978600.0,7,0.0,False,On plan
NX-00293,Australia/SEA,2024-09-01,2025-03-01,2025-04-01,18.8,1579200.0,789600.0,6,1.13,False,On plan
NX-00294,LATAM,2024-09-01,2025-05-01,,12.5,987500.0,493750.0,8,0.2,True,Cancelled
NX-00295,LATAM,2024-09-01,2025-08-01,2025-10-01,16.9,1335100.0,667550.0,11,1.77,False,On plan
NX-00296,LATAM,2024-09-01,2025-02-01,2025-03-01,29.9,2362100.0,1181050.0,5,1.35,False,On plan
NX-00297,LATAM,2024-09-01,2025-04-01,2025-06-01,9.6,758400.0,379200.0,7,2.33,False,Slipped 2mo+
NX-00298,US / Canada,2024-10-01,2025-03-01,2025-03-01,7.1,589300.0,294650.0,5,0.0,False,On plan
NX-00299,US / Canada,2024-10-01,2025-04-01,2025-04-01,39.6,3286800.0,1643400.0,6,0.0,False,On plan
NX-00300,US / Canada,2024-10-01,2025-03-01,2025-03-01,17.8,1477400.0,738700.0,5,0.03,False,On plan
NX-00301,US / Canada,2024-10-01,2025-03-01,2025-03-01,7.7,639100.0,319550.0,5,0.01,False,On plan
NX-00302,US / Canada,2024-10-01,2025-11-01,2025-11-01,27.3,2265900.0,1132950.0,13,0.0,False,On plan
NX-00303,US / Canada,2024-10-01,2025-05-01,,25.8,2141400.0,1070700.0,7,0.2,True,Cancelled
NX-00304,US / Canada,2024-10-01,2025-05-01,2025-06-01,37.0,3071000.0,1535500.0,7,0.73,False,On plan
NX-00305,US / Canada,2024-10-01,2025-03-01,2025-03-01,27.6,2290800.0,1145400.0,5,0.05,False,On plan
NX-00306,US / Canada,2024-10-01,2025-12-01,2025-12-01,2.9,240700.0,120350.0,14,0.25,False,On plan
NX-00307,US / Canada,2024-10-01,2025-05-01,2025-05-01,21.3,1767900.0,883950.0,7,0.39,False,On plan
NX-00308,US / Canada,2024-10-01,2025-04-01,2025-05-01,29.0,2407000.0,1203500.0,6,0.58,False,On plan
NX-00309,US / Canada,2024-10-01,2025-05-01,2025-05-01,2.5,207500.0,103750.0,7,0.0,False,On plan
NX-00310,US / Canada,2024-10-01,2025-04-01,2025-06-01,10.3,854900.0000000001,427450.00000000006,6,2.13,False,Slipped 2mo+
NX-00311,US / Canada,2024-10-01,2025-09-01,2025-09-01,6.5,539500.0,269750.0,11,0.04,False,On plan
NX-00312,US / Canada,2024-10-01,2025-05-01,2025-05-01,20.3,1684900.0,842450.0,7,0.01,False,On plan
NX-00313,US / Canada,2024-10-01,2025-11-01,2025-11-01,7.5,622500.0,311250.0,13,0.0,False,On plan
NX-00314,US / Canada,2024-10-01,2025-03-01,2025-03-01,3.0,249000.0,124500.0,5,0.01,False,On plan
NX-00315,US / Canada,2024-10-01,2025-03-01,2025-03-01,17.4,1444199.9999999998,722099.9999999999,5,0.01,False,On plan
NX-00316,US / Canada,2024-10-01,2025-07-01,2025-09-01,27.7,2299100.0,1149550.0,9,1.88,False,On plan
NX-00317,US / Canada,2024-10-01,2025-07-01,2025-07-01,4.0,332000.0,166000.0,9,0.0,False,On plan
NX-00318,US / Canada,2024-10-01,2025-05-01,2025-05-01,67.5,5602500.0,2801250.0,7,0.1,False,On plan
NX-00319,US / Canada,2024-10-01,2025-06-01,2025-06-01,12.2,1012600.0,506300.0,8,0.0,False,On plan
NX-00320,US / Canada,2024-10-01,2025-10-01,2025-10-01,6.7,556100.0,278050.0,12,0.0,False,On plan
NX-00321,Europe,2024-10-01,2025-03-01,2025-03-01,5.8,510400.0,255200.0,5,0.0,False,On plan
NX-00322,Europe,2024-10-01,2025-03-01,2025-07-01,4.6,404800.0,202400.0,5,4.15,False,Slipped 2mo+
NX-00323,MENA,2024-10-01,2025-08-01,2026-01-01,7.7,623700.0,311850.0,10,5.11,False,Slipped 2mo+
NX-00324,MENA,2024-10-01,2025-04-01,2025-08-01,8.6,696600.0,348300.0,6,3.57,False,Slipped 2mo+
NX-00325,MENA,2024-10-01,2025-08-01,2025-08-01,4.8,388800.0,194400.0,10,0.01,False,On plan
NX-00326,India,2024-10-01,2025-11-01,2025-11-01,7.9,560900.0,280450.0,13,0.0,False,On plan
NX-00327,India,2024-10-01,2025-06-01,2027-06-01,3.9,276900.0,138450.0,8,23.97,False,Slipped 2mo+
NX-00328,LATAM,2024-10-01,2025-04-01,2025-04-01,23.2,1832800.0,916400.0,6,0.01,False,On plan
NX-00329,LATAM,2024-10-01,2025-03-01,2025-03-01,7.4,584600.0,292300.0,5,0.01,False,On plan
NX-00330,US / Canada,2024-11-01,2025-09-01,2025-10-01,58.1,4822300.0,2411150.0,10,0.57,False,On plan
NX-00331,US / Canada,2024-11-01,2025-06-01,2025-07-01,21.0,1743000.0,871500.0,7,0.7,False,On plan
NX-00332,US / Canada,2024-11-01,2025-07-01,2025-07-01,13.5,1120500.0,560250.0,8,0.14,False,On plan
NX-00333,US / Canada,2024-11-01,2025-09-01,2025-09-01,6.6,547800.0,273900.0,10,0.0,False,On plan
NX-00334,US / Canada,2024-11-01,2025-08-01,2025-08-01,10.3,854900.0000000001,427450.00000000006,9,0.0,False,On plan
NX-00335,US / Canada,2024-11-01,2025-08-01,2025-08-01,13.5,1120500.0,560250.0,9,0.0,False,On plan
NX-00336,US / Canada,2024-11-01,2025-07-01,2025-07-01,7.4,614200.0,307100.0,8,0.0,False,On plan
NX-00337,US / Canada,2024-11-01,2025-12-01,2026-01-01,26.7,2216100.0,1108050.0,13,1.35,False,On plan
NX-00338,US / Canada,2024-11-01,2025-06-01,2025-07-01,6.4,531200.0,265600.0,7,0.7,False,On plan
NX-00339,US / Canada,2024-11-01,2025-06-01,2025-07-01,15.4,1278200.0,639100.0,7,0.69,False,On plan
NX-00340,US / Canada,2024-11-01,2025-06-01,2025-06-01,12.7,1054100.0,527050.0,7,0.36,False,On plan
NX-00341,US / Canada,2024-11-01,2025-05-01,2025-06-01,26.9,2232700.0,1116350.0,6,0.86,False,On plan
NX-00342,US / Canada,2024-11-01,2026-08-01,2026-08-01,9.1,755300.0,377650.0,21,0.01,False,On plan
NX-00343,US / Canada,2024-11-01,2025-06-01,2025-07-01,8.1,672300.0,336150.0,7,1.02,False,On plan
NX-00344,US / Canada,2024-11-01,2025-10-01,2025-10-01,6.6,547800.0,273900.0,11,0.0,False,On plan
NX-00345,US / Canada,2024-11-01,2025-06-01,2025-06-01,15.9,1319700.0,659850.0,7,0.0,False,On plan
NX-00346,US / Canada,2024-11-01,2025-05-01,2025-05-01,21.8,1809400.0,904700.0,6,0.25,False,On plan
NX-00347,US / Canada,2024-11-01,2025-04-01,2025-04-01,10.8,896400.0000000001,448200.00000000006,5,0.01,False,On plan
NX-00348,Europe,2024-11-01,2025-04-01,2025-04-01,35.8,3150399.9999999995,1575199.9999999998,5,0.33,False,On plan
NX-00349,MENA,2024-11-01,2025-08-01,2025-12-01,13.9,1125900.0,562950.0,9,4.48,False,Slipped 2mo+
NX-00350,India,2024-11-01,2025-05-01,2026-06-01,13.9,986900.0,493450.0,6,13.14,False,Slipped 2mo+
NX-00351,India,2024-11-01,2025-09-01,2025-12-01,23.0,1633000.0,816500.0,10,3.03,False,Slipped 2mo+
NX-00352,LATAM,2024-11-01,2025-07-01,2025-07-01,23.0,1817000.0,908500.0,8,0.08,False,On plan
NX-00353,LATAM,2024-11-01,2025-10-01,,18.3,1445700.0,722850.0,11,0.13,True,Cancelled
NX-00354,US / Canada,2024-12-01,2025-09-01,2025-09-01,35.5,2946500.0,1473250.0,9,0.27,False,On plan
NX-00355,US / Canada,2024-12-01,2025-07-01,2025-07-01,6.3,522900.0,261450.0,7,0.01,False,On plan
NX-00356,US / Canada,2024-12-01,2025-12-01,2025-12-01,20.9,1734699.9999999998,867349.9999999999,12,0.14,False,On plan
NX-00357,US / Canada,2024-12-01,2025-07-01,2025-07-01,24.8,2058400.0,1029200.0,7,0.0,False,On plan
NX-00358,US / Canada,2024-12-01,2026-08-01,2026-08-01,10.4,863200.0,431600.0,20,0.0,False,On plan
NX-00359,US / Canada,2024-12-01,2025-05-01,2025-05-01,6.0,498000.0,249000.0,5,0.01,False,On plan
NX-00360,US / Canada,2024-12-01,2025-11-01,2025-11-01,23.4,1942200.0,971100.0,11,0.0,False,On plan
NX-00361,US / Canada,2024-12-01,2025-10-01,2025-11-01,12.4,1029200.0,514600.0,10,0.68,False,On plan
NX-00362,US / Canada,2024-12-01,2026-06-01,2026-06-01,40.9,3394700.0,1697350.0,18,0.0,False,On plan
NX-00363,US / Canada,2024-12-01,2025-05-01,2025-05-01,33.4,2772200.0,1386100.0,5,0.0,False,On plan
NX-00364,US / Canada,2024-12-01,2025-05-01,2025-06-01,6.8,564400.0,282200.0,5,0.88,False,On plan
NX-00365,US / Canada,2024-12-01,2026-01-01,2026-01-01,4.1,340299.99999999994,170149.99999999997,13,0.03,False,On plan
NX-00366,US / Canada,2024-12-01,2025-10-01,2025-10-01,12.4,1029200.0,514600.0,10,0.08,False,On plan
NX-00367,US / Canada,2024-12-01,2025-07-01,2025-08-01,20.5,1701500.0,850750.0,7,0.97,False,On plan
NX-00368,US / Canada,2024-12-01,2025-09-01,2025-09-01,5.1,423300.0,211650.0,9,0.03,False,On plan
NX-00369,US / Canada,2024-12-01,2025-10-01,2025-10-01,18.1,1502300.0000000002,751150.0000000001,10,0.24,False,On plan
NX-00370,Europe,2024-12-01,2025-08-01,2025-09-01,19.9,1751199.9999999998,875599.9999999999,8,1.49,False,On plan
NX-00371,Europe,2024-12-01,2025-05-01,2025-06-01,18.1,1592800.0000000002,796400.0000000001,5,1.2,False,On plan
NX-00372,MENA,2024-12-01,2025-06-01,2025-10-01,22.1,1790100.0,895050.0,6,3.84,False,Slipped 2mo+
NX-00373,MENA,2024-12-01,2025-06-01,2025-06-01,2.6,210600.0,105300.0,6,0.38,False,On plan
NX-00374,India,2024-12-01,2025-07-01,2027-02-01,16.0,1136000.0,568000.0,7,18.61,False,Slipped 2mo+
NX-00375,LATAM,2024-12-01,2025-09-01,2026-01-01,8.6,679400.0,339700.0,9,3.92,False,Slipped 2mo+
NX-00376,LATAM,2024-12-01,2025-05-01,2025-05-01,28.2,2227800.0,1113900.0,5,0.1,False,On plan
NX-00377,US / Canada,2025-01-01,2025-11-01,2025-11-01,8.3,688900.0000000001,344450.00000000006,10,0.02,False,On plan
NX-00378,US / Canada,2025-01-01,2025-11-01,2025-11-01,8.8,730400.0000000001,365200.00000000006,10,0.0,False,On plan
NX-00379,US / Canada,2025-01-01,2025-08-01,2025-08-01,5.2,431600.0,215800.0,7,0.0,False,On plan
NX-00380,US / Canada,2025-01-01,2026-02-01,2026-02-01,32.4,2689200.0,1344600.0,13,0.01,False,On plan
NX-00381,US / Canada,2025-01-01,2025-09-01,2025-09-01,7.4,614200.0,307100.0,8,0.45,False,On plan
NX-00382,US / Canada,2025-01-01,2025-06-01,2025-06-01,45.6,3784800.0,1892400.0,5,0.05,False,On plan
NX-00383,US / Canada,2025-01-01,2025-08-01,2025-08-01,12.1,1004300.0,502150.0,7,0.48,False,On plan
NX-00384,US / Canada,2025-01-01,2026-09-01,2026-09-01,7.5,622500.0,311250.0,20,0.14,False,On plan
NX-00385,US / Canada,2025-01-01,2026-11-01,2026-11-01,50.3,4174900.0,2087450.0,22,0.0,False,On plan
NX-00386,US / Canada,2025-01-01,2025-06-01,2025-06-01,58.8,4880400.0,2440200.0,5,0.0,False,On plan
NX-00387,US / Canada,2025-01-01,2025-06-01,2025-06-01,29.2,2423600.0,1211800.0,5,0.06,False,On plan
NX-00388,US / Canada,2025-01-01,2025-07-01,2025-07-01,8.2,680599.9999999999,340299.99999999994,6,0.02,False,On plan
NX-00389,US / Canada,2025-01-01,2025-06-01,2025-09-01,16.2,1344600.0,672300.0,5,3.08,False,Slipped 2mo+
NX-00390,US / Canada,2025-01-01,2025-08-01,2025-08-01,9.8,813400.0000000001,406700.00000000006,7,0.01,False,On plan
NX-00391,US / Canada,2025-01-01,2026-01-01,2026-01-01,5.0,415000.0,207500.0,12,0.0,False,On plan
NX-00392,US / Canada,2025-01-01,2025-08-01,2025-08-01,52.6,4365800.0,2182900.0,7,0.01,False,On plan
NX-00393,US / Canada,2025-01-01,2025-06-01,2025-06-01,16.8,1394400.0,697200.0,5,0.37,False,On plan
NX-00394,US / Canada,2025-01-01,2025-09-01,2025-09-01,47.3,3925900.0,1962950.0,8,0.12,False,On plan
NX-00395,US / Canada,2025-01-01,2025-10-01,2025-11-01,15.2,1261600.0,630800.0,9,0.81,False,On plan
NX-00396,US / Canada,2025-01-01,2025-06-01,2025-07-01,7.3,605900.0,302950.0,5,1.37,False,On plan
NX-00397,Europe,2025-01-01,2025-08-01,2025-08-01,6.5,572000.0,286000.0,7,0.0,False,On plan
NX-00398,Europe,2025-01-01,2025-11-01,2026-03-01,6.0,528000.0,264000.0,10,3.97,False,Slipped 2mo+
NX-00399,Europe,2025-01-01,2025-06-01,2025-08-01,3.1,272800.0,136400.0,5,1.8,False,On plan
NX-00400,Europe,2025-01-01,2025-07-01,2025-07-01,23.1,2032800.0,1016400.0,6,0.06,False,On plan
NX-00401,MENA,2025-01-01,2025-07-01,2025-08-01,29.2,2365200.0,1182600.0,6,0.73,False,On plan
NX-00402,MENA,2025-01-01,2026-02-01,2026-03-01,8.2,664200.0,332100.0,13,0.67,False,On plan
NX-00403,MENA,2025-01-01,2025-06-01,2025-07-01,5.5,445500.0,222750.0,5,1.28,False,On plan
NX-00404,MENA,2025-01-01,2025-10-01,2025-11-01,6.8,550800.0,275400.0,9,0.53,False,On plan
NX-00405,India,2025-01-01,2025-12-01,2026-10-01,10.7,759700.0,379850.0,11,10.08,False,Slipped 2mo+
NX-00406,LATAM,2025-01-01,2025-10-01,2026-01-01,20.9,1651100.0,825550.0,9,2.91,False,Slipped 2mo+
NX-00407,LATAM,2025-01-01,2026-06-01,2026-06-01,22.2,1753800.0,876900.0,17,0.09,False,On plan
NX-00408,LATAM,2025-01-01,2025-06-01,2025-10-01,16.4,1295600.0,647800.0,5,4.08,False,Slipped 2mo+
NX-00409,LATAM,2025-01-01,2025-09-01,2025-12-01,7.5,592500.0,296250.0,8,2.6,False,Slipped 2mo+
NX-00410,US / Canada,2025-02-01,2025-07-01,2025-07-01,9.2,763599.9999999999,381799.99999999994,5,0.03,False,On plan
NX-00411,US / Canada,2025-02-01,2025-07-01,2025-07-01,2.7,224100.00000000003,112050.00000000001,5,0.03,False,On plan
NX-00412,US / Canada,2025-02-01,2025-09-01,2025-09-01,3.9,323700.0,161850.0,7,0.0,False,On plan
NX-00413,US / Canada,2025-02-01,2025-07-01,2025-07-01,4.9,406700.00000000006,203350.00000000003,5,0.12,False,On plan
NX-00414,US / Canada,2025-02-01,2025-09-01,2025-09-01,80.8,6706400.0,3353200.0,7,0.01,False,On plan
NX-00415,US / Canada,2025-02-01,2025-08-01,2025-10-01,8.4,697200.0,348600.0,6,1.56,False,On plan
NX-00416,US / Canada,2025-02-01,2026-03-01,2026-05-01,5.3,439900.0,219950.0,13,1.53,False,On plan
NX-00417,US / Canada,2025-02-01,2026-02-01,2026-02-01,14.5,1203500.0,601750.0,12,0.0,False,On plan
NX-00418,US / Canada,2025-02-01,2025-09-01,2025-09-01,14.2,1178600.0,589300.0,7,0.0,False,On plan
NX-00419,US / Canada,2025-02-01,2025-12-01,2026-01-01,15.4,1278200.0,639100.0,10,0.99,False,On plan
NX-00420,US / Canada,2025-02-01,2025-07-01,2025-07-01,14.0,1162000.0,581000.0,5,0.0,False,On plan
NX-00421,US / Canada,2025-02-01,2025-07-01,,8.5,705500.0,352750.0,5,2.39,True,Cancelled
NX-00422,US / Canada,2025-02-01,2025-08-01,2025-08-01,14.2,1178600.0,589300.0,6,0.07,False,On plan
NX-00423,US / Canada,2025-02-01,2025-10-01,2025-10-01,15.3,1269900.0,634950.0,8,0.02,False,On plan
NX-00424,US / Canada,2025-02-01,2025-07-01,2025-07-01,17.5,1452500.0,726250.0,5,0.0,False,On plan
NX-00425,US / Canada,2025-02-01,2025-07-01,2025-07-01,13.0,1079000.0,539500.0,5,0.01,False,On plan
NX-00426,US / Canada,2025-02-01,2025-09-01,2025-09-01,23.3,1933900.0,966950.0,7,0.03,False,On plan
NX-00427,US / Canada,2025-02-01,2025-09-01,2025-09-01,16.5,1369500.0,684750.0,7,0.24,False,On plan
NX-00428,US / Canada,2025-02-01,2027-01-01,2027-01-01,29.5,2448500.0,1224250.0,23,0.03,False,On plan
NX-00429,US / Canada,2025-02-01,2025-07-01,2025-07-01,10.5,871500.0,435750.0,5,0.0,False,On plan
NX-00430,US / Canada,2025-02-01,2025-07-01,2025-07-01,50.1,4158300.0,2079150.0,5,0.0,False,On plan
NX-00431,US / Canada,2025-02-01,2025-11-01,2025-11-01,3.9,323700.0,161850.0,9,0.0,False,On plan
NX-00432,US / Canada,2025-02-01,2025-07-01,2025-09-01,7.8,647400.0,323700.0,5,2.2,False,Slipped 2mo+
NX-00433,US / Canada,2025-02-01,2026-01-01,2026-01-01,52.7,4374100.0,2187050.0,11,0.1,False,On plan
NX-00434,US / Canada,2025-02-01,2025-09-01,2025-10-01,37.8,3137399.9999999995,1568699.9999999998,7,1.34,False,On plan
NX-00435,US / Canada,2025-02-01,2025-10-01,2026-04-01,13.2,1095600.0,547800.0,8,6.22,False,Slipped 2mo+
NX-00436,US / Canada,2025-02-01,2025-10-01,2026-02-01,40.0,3320000.0,1660000.0,8,4.11,False,Slipped 2mo+
NX-00437,US / Canada,2025-02-01,2025-09-01,2025-09-01,9.4,780200.0,390100.0,7,0.04,False,On plan
NX-00438,US / Canada,2025-02-01,2025-07-01,2025-07-01,3.1,257300.0,128650.0,5,0.32,False,On plan
NX-00439,US / Canada,2025-02-01,2025-08-01,2025-08-01,27.2,2257600.0,1128800.0,6,0.0,False,On plan
NX-00440,Europe,2025-02-01,2025-10-01,2026-01-01,35.5,3124000.0,1562000.0,8,2.83,False,Slipped 2mo+
NX-00441,Europe,2025-02-01,2026-01-01,2026-09-01,40.3,3546399.9999999995,1773199.9999999998,11,8.03,False,Slipped 2mo+
NX-00442,Europe,2025-02-01,2025-07-01,2025-07-01,6.1,536800.0,268400.0,5,0.0,False,On plan
NX-00443,India,2025-02-01,2025-07-01,2025-08-01,33.3,2364300.0,1182150.0,5,0.85,False,On plan
NX-00444,India,2025-02-01,2025-10-01,2025-10-01,14.2,1008200.0,504100.0,8,0.31,False,On plan
NX-00445,India,2025-02-01,2025-09-01,2025-09-01,3.9,276900.0,138450.0,7,0.0,False,On plan
NX-00446,Australia/SEA,2025-02-01,2026-02-01,2026-06-01,43.6,3662400.0,1831200.0,12,4.39,False,Slipped 2mo+
NX-00447,LATAM,2025-02-01,2025-07-01,2025-10-01,17.1,1350900.0,675450.0,5,2.78,False,Slipped 2mo+
NX-00448,LATAM,2025-02-01,2026-03-01,2026-04-01,5.8,458200.0,229100.0,13,1.31,False,On plan
NX-00449,LATAM,2025-02-01,2025-11-01,2026-05-01,7.1,560900.0,280450.0,9,5.61,False,Slipped 2mo+
NX-00450,US / Canada,2025-03-01,2025-08-01,2025-11-01,14.4,1195200.0,597600.0,5,2.72,False,Slipped 2mo+
NX-00451,US / Canada,2025-03-01,2025-08-01,2025-08-01,8.5,705500.0,352750.0,5,0.0,False,On plan
NX-00452,US / Canada,2025-03-01,2026-04-01,2026-04-01,6.7,556100.0,278050.0,13,0.01,False,On plan
NX-00453,US / Canada,2025-03-01,2026-09-01,2026-09-01,9.9,821700.0,410850.0,18,0.03,False,On plan
NX-00454,US / Canada,2025-03-01,2026-01-01,2026-01-01,24.7,2050100.0,1025050.0,10,0.26,False,On plan
NX-00455,US / Canada,2025-03-01,2025-09-01,2025-09-01,31.3,2597900.0,1298950.0,6,0.01,False,On plan
NX-00456,US / Canada,2025-03-01,2026-01-01,2026-01-01,15.2,1261600.0,630800.0,10,0.45,False,On plan
NX-00457,US / Canada,2025-03-01,2025-08-01,2025-08-01,31.8,2639400.0,1319700.0,5,0.0,False,On plan
NX-00458,US / Canada,2025-03-01,2025-08-01,2025-08-01,13.2,1095600.0,547800.0,5,0.0,False,On plan
NX-00459,US / Canada,2025-03-01,2025-08-01,2025-08-01,12.8,1062400.0,531200.0,5,0.0,False,On plan
NX-00460,US / Canada,2025-03-01,2025-12-01,2025-12-01,14.9,1236700.0,618350.0,9,0.0,False,On plan
NX-00461,US / Canada,2025-03-01,2025-08-01,2025-08-01,7.4,614200.0,307100.0,5,0.36,False,On plan
NX-00462,US / Canada,2025-03-01,2026-01-01,2026-02-01,38.7,3212100.0000000005,1606050.0000000002,10,1.11,False,On plan
NX-00463,US / Canada,2025-03-01,2025-12-01,2025-12-01,4.3,356900.0,178450.0,9,0.1,False,On plan
NX-00464,US / Canada,2025-03-01,2025-11-01,2026-02-01,19.9,1651699.9999999998,825849.9999999999,8,2.93,False,Slipped 2mo+
NX-00465,US / Canada,2025-03-01,2025-08-01,2025-08-01,11.5,954500.0,477250.0,5,0.11,False,On plan
NX-00466,US / Canada,2025-03-01,2026-04-01,2026-04-01,5.4,448200.00000000006,224100.00000000003,13,0.0,False,On plan
NX-00467,US / Canada,2025-03-01,2025-09-01,2025-09-01,22.8,1892400.0,946200.0,6,0.0,False,On plan
NX-00468,US / Canada,2025-03-01,2025-09-01,2025-09-01,25.2,2091600.0,1045800.0,6,0.03,False,On plan
NX-00469,US / Canada,2025-03-01,2026-02-01,2026-02-01,13.3,1103900.0,551950.0,11,0.0,False,On plan
NX-00470,US / Canada,2025-03-01,2025-10-01,2025-10-01,3.0,249000.0,124500.0,7,0.0,False,On plan
NX-00471,US / Canada,2025-03-01,2025-11-01,2025-11-01,6.7,556100.0,278050.0,8,0.02,False,On plan
NX-00472,US / Canada,2025-03-01,2025-08-01,2025-09-01,14.8,1228400.0,614200.0,5,1.21,False,On plan
NX-00473,US / Canada,2025-03-01,2025-10-01,2025-10-01,31.0,2573000.0,1286500.0,7,0.08,False,On plan
NX-00474,US / Canada,2025-03-01,2025-10-01,2025-10-01,7.1,589300.0,294650.0,7,0.15,False,On plan
NX-00475,US / Canada,2025-03-01,2025-08-01,2025-08-01,5.4,448200.00000000006,224100.00000000003,5,0.01,False,On plan
NX-00476,US / Canada,2025-03-01,2025-09-01,2025-09-01,4.8,398400.0,199200.0,6,0.01,False,On plan
NX-00477,US / Canada,2025-03-01,2026-09-01,2026-09-01,9.0,747000.0,373500.0,18,0.12,False,On plan
NX-00478,US / Canada,2025-03-01,2025-10-01,2025-10-01,11.3,937900.0,468950.0,7,0.08,False,On plan
NX-00479,US / Canada,2025-03-01,2026-01-01,2026-01-01,31.7,2631100.0,1315550.0,10,0.0,False,On plan
NX-00480,Europe,2025-03-01,2025-08-01,2025-11-01,6.6,580800.0,290400.0,5,2.89,False,Slipped 2mo+
NX-00481,Europe,2025-03-01,2025-08-01,2025-08-01,4.6,404800.0,202400.0,5,0.31,False,On plan
NX-00482,Europe,2025-03-01,2025-12-01,2025-12-01,23.7,2085600.0,1042800.0,9,0.07,False,On plan
NX-00483,Europe,2025-03-01,2025-08-01,2025-08-01,20.0,1760000.0,880000.0,5,0.11,False,On plan
NX-00484,MENA,2025-03-01,2026-03-01,2026-04-01,6.4,518400.0,259200.0,12,0.89,False,On plan
NX-00485,MENA,2025-03-01,2025-08-01,2025-09-01,26.4,2138400.0,1069200.0,5,0.98,False,On plan
NX-00486,MENA,2025-03-01,2026-08-01,2027-08-01,18.1,1466100.0,733050.0,17,11.55,False,Slipped 2mo+
NX-00487,MENA,2025-03-01,2026-01-01,2026-04-01,12.5,1012500.0,506250.0,10,2.8,False,Slipped 2mo+
NX-00488,India,2025-03-01,2026-01-01,2026-07-01,16.8,1192800.0,596400.0,10,5.85,False,Slipped 2mo+
NX-00489,Australia/SEA,2025-03-01,2025-08-01,2025-10-01,25.7,2158800.0,1079400.0,5,1.68,False,On plan
NX-00490,Australia/SEA,2025-03-01,2026-02-01,2026-03-01,2.2,184800.00000000003,92400.00000000001,11,0.93,False,On plan
NX-00491,LATAM,2025-03-01,2026-03-01,2027-06-01,40.9,3231100.0,1615550.0,12,14.94,False,Slipped 2mo+
NX-00492,LATAM,2025-03-01,2025-12-01,2025-12-01,9.9,782100.0,391050.0,9,0.07,False,On plan
NX-00493,LATAM,2025-03-01,2025-08-01,,10.6,837400.0,418700.0,5,0.23,True,Cancelled
NX-00494,LATAM,2025-03-01,2025-10-01,2025-11-01,13.3,1050700.0,525350.0,7,1.19,False,On plan
NX-00495,US / Canada,2025-04-01,2025-11-01,2025-11-01,4.9,406700.00000000006,203350.00000000003,7,0.0,False,On plan
NX-00496,US / Canada,2025-04-01,2025-09-01,2025-09-01,5.8,481400.0,240700.0,5,0.0,False,On plan
NX-00497,US / Canada,2025-04-01,2025-11-01,2025-11-01,15.0,1245000.0,622500.0,7,0.16,False,On plan
NX-00498,US / Canada,2025-04-01,2025-10-01,2026-01-01,14.7,1220100.0,610050.0,6,2.99,False,Slipped 2mo+
NX-00499,US / Canada,2025-04-01,2025-09-01,2025-10-01,8.6,713800.0,356900.0,5,0.89,False,On plan
NX-00500,US / Canada,2025-04-01,2025-12-01,2025-12-01,6.0,498000.0,249000.0,8,0.0,False,On plan
NX-00501,US / Canada,2025-04-01,2026-04-01,2026-05-01,6.4,531200.0,265600.0,12,0.53,False,On plan
NX-00502,US / Canada,2025-04-01,2025-11-01,2025-11-01,34.3,2846899.9999999995,1423449.9999999998,7,0.0,False,On plan
NX-00503,US / Canada,2025-04-01,2025-09-01,2025-12-01,18.3,1518900.0,759450.0,5,3.07,False,Slipped 2mo+
NX-00504,US / Canada,2025-04-01,2025-09-01,2025-09-01,11.9,987700.0,493850.0,5,0.0,False,On plan
NX-00505,US / Canada,2025-04-01,2026-02-01,2026-02-01,34.8,2888399.9999999995,1444199.9999999998,10,0.02,False,On plan
NX-00506,US / Canada,2025-04-01,2026-01-01,2026-01-01,3.6,298800.0,149400.0,9,0.44,False,On plan
NX-00507,US / Canada,2025-04-01,2026-02-01,2026-02-01,7.2,597600.0,298800.0,10,0.0,False,On plan
NX-00508,US / Canada,2025-04-01,2025-09-01,2025-09-01,4.5,373500.0,186750.0,5,0.12,False,On plan
NX-00509,US / Canada,2025-04-01,2025-10-01,2025-10-01,38.6,3203800.0,1601900.0,6,0.01,False,On plan
NX-00510,US / Canada,2025-04-01,2026-05-01,2026-05-01,10.6,879800.0,439900.0,13,0.01,False,On plan
NX-00511,US / Canada,2025-04-01,2025-12-01,2025-12-01,8.5,705500.0,352750.0,8,0.48,False,On plan
NX-00512,US / Canada,2025-04-01,2025-09-01,2025-09-01,18.9,1568699.9999999998,784349.9999999999,5,0.28,False,On plan
NX-00513,US / Canada,2025-04-01,2025-10-01,2025-11-01,20.5,1701500.0,850750.0,6,1.41,False,On plan
NX-00514,US / Canada,2025-04-01,2026-04-01,2026-04-01,14.0,1162000.0,581000.0,12,0.03,False,On plan
NX-00515,US / Canada,2025-04-01,2025-11-01,2025-11-01,11.6,962800.0,481400.0,7,0.01,False,On plan
NX-00516,US / Canada,2025-04-01,2025-09-01,2025-10-01,10.0,830000.0,415000.0,5,1.39,False,On plan
NX-00517,US / Canada,2025-04-01,2025-10-01,2025-10-01,10.5,871500.0,435750.0,6,0.0,False,On plan
NX-00518,US / Canada,2025-04-01,2026-03-01,2026-06-01,16.4,1361199.9999999998,680599.9999999999,11,3.31,False,Slipped 2mo+
NX-00519,US / Canada,2025-04-01,2026-04-01,2026-04-01,9.8,813400.0000000001,406700.00000000006,12,0.28,False,On plan
NX-00520,US / Canada,2025-04-01,2025-10-01,2025-11-01,31.6,2622800.0,1311400.0,6,0.62,False,On plan
NX-00521,US / Canada,2025-04-01,2025-09-01,2025-09-01,13.7,1137100.0,568550.0,5,0.35,False,On plan
NX-00522,US / Canada,2025-04-01,2025-11-01,2025-11-01,5.0,415000.0,207500.0,7,0.0,False,On plan
NX-00523,US / Canada,2025-04-01,2026-02-01,2026-02-01,24.2,2008600.0,1004300.0,10,0.44,False,On plan
NX-00524,US / Canada,2025-04-01,2026-01-01,2026-03-01,4.3,356900.0,178450.0,9,1.97,False,On plan
NX-00525,Europe,2025-04-01,2025-12-01,2025-12-01,3.4,299200.0,149600.0,8,0.31,False,On plan
NX-00526,Europe,2025-04-01,2025-12-01,2025-12-01,40.6,3572800.0,1786400.0,8,0.03,False,On plan
NX-00527,Europe,2025-04-01,2026-02-01,2026-02-01,22.3,1962400.0,981200.0,10,0.0,False,On plan
NX-00528,Europe,2025-04-01,2025-09-01,2026-02-01,15.7,1381600.0,690800.0,5,4.92,False,Slipped 2mo+
NX-00529,Europe,2025-04-01,2025-09-01,2025-09-01,17.7,1557600.0,778800.0,5,0.41,False,On plan
NX-00530,Europe,2025-04-01,2025-11-01,2025-11-01,18.0,1584000.0,792000.0,7,0.0,False,On plan
NX-00531,US / Canada,2025-05-01,2026-03-01,2026-03-01,21.2,1759600.0,879800.0,10,0.07,False,On plan
NX-00532,US / Canada,2025-05-01,2026-01-01,2026-01-01,3.9,323700.0,161850.0,8,0.08,False,On plan
NX-00533,US / Canada,2025-05-01,2026-03-01,2026-03-01,16.4,1361199.9999999998,680599.9999999999,10,0.0,False,On plan
NX-00534,US / Canada,2025-05-01,2026-06-01,2026-08-01,21.7,1801100.0,900550.0,13,1.51,False,On plan
NX-00535,US / Canada,2025-05-01,2025-10-01,2025-10-01,11.1,921300.0,460650.0,5,0.01,False,On plan
NX-00536,US / Canada,2025-05-01,2026-01-01,2026-01-01,7.7,639100.0,319550.0,8,0.0,False,On plan
NX-00537,US / Canada,2025-05-01,2026-07-01,2026-07-01,20.8,1726400.0,863200.0,14,0.29,False,On plan
NX-00538,US / Canada,2025-05-01,2026-03-01,2026-03-01,41.4,3436200.0,1718100.0,10,0.0,False,On plan
NX-00539,US / Canada,2025-05-01,2026-03-01,2026-03-01,20.6,1709800.0000000002,854900.0000000001,10,0.0,False,On plan
NX-00540,US / Canada,2025-05-01,2025-10-01,2025-10-01,98.5,8175500.0,4087750.0,5,0.05,False,On plan
NX-00541,US / Canada,2025-05-01,2026-07-01,2026-07-01,19.2,1593600.0,796800.0,14,0.02,False,On plan
NX-00542,US / Canada,2025-05-01,2026-01-01,2026-01-01,25.8,2141400.0,1070700.0,8,0.0,False,On plan
NX-00543,US / Canada,2025-05-01,2026-12-01,2026-12-01,16.2,1344600.0,672300.0,19,0.11,False,On plan
NX-00544,US / Canada,2025-05-01,2025-10-01,2026-07-01,29.0,2407000.0,1203500.0,5,9.28,False,Slipped 2mo+
NX-00545,US / Canada,2025-05-01,2026-02-01,2026-02-01,3.6,298800.0,149400.0,9,0.35,False,On plan
NX-00546,US / Canada,2025-05-01,2025-10-01,2025-10-01,11.2,929600.0,464800.0,5,0.03,False,On plan
NX-00547,US / Canada,2025-05-01,2026-05-01,2026-05-01,11.2,929600.0,464800.0,12,0.06,False,On plan
NX-00548,US / Canada,2025-05-01,2025-10-01,2025-10-01,14.0,1162000.0,581000.0,5,0.0,False,On plan
NX-00549,US / Canada,2025-05-01,2025-11-01,2025-11-01,13.7,1137100.0,568550.0,6,0.0,False,On plan
NX-00550,US / Canada,2025-05-01,2026-01-01,2026-01-01,16.4,1361199.9999999998,680599.9999999999,8,0.35,False,On plan
NX-00551,US / Canada,2025-05-01,2026-06-01,2026-09-01,24.2,2008600.0,1004300.0,13,2.88,False,Slipped 2mo+
NX-00552,US / Canada,2025-05-01,2026-12-01,2026-12-01,11.4,946200.0,473100.0,19,0.01,False,On plan
NX-00553,US / Canada,2025-05-01,2025-12-01,2025-12-01,7.1,589300.0,294650.0,7,0.5,False,On plan
NX-00554,US / Canada,2025-05-01,2026-04-01,2026-04-01,81.6,6772799.999999999,3386399.9999999995,11,0.06,False,On plan
NX-00555,US / Canada,2025-05-01,2026-11-01,2027-01-01,4.6,381800.0,190900.0,18,2.35,False,Slipped 2mo+
NX-00556,US / Canada,2025-05-01,2025-10-01,2025-10-01,9.1,755300.0,377650.0,5,0.07,False,On plan
NX-00557,US / Canada,2025-05-01,2025-11-01,2025-11-01,28.3,2348900.0,1174450.0,6,0.04,False,On plan
NX-00558,US / Canada,2025-05-01,2026-01-01,2026-01-01,6.2,514600.0,257300.0,8,0.16,False,On plan
NX-00559,Europe,2025-05-01,2025-10-01,2025-10-01,2.2,193600.00000000003,96800.00000000001,5,0.01,False,On plan
NX-00560,Europe,2025-05-01,2025-12-01,2025-12-01,35.3,3106399.9999999995,1553199.9999999998,7,0.01,False,On plan
NX-00561,Europe,2025-05-01,2026-06-01,2026-07-01,23.0,2024000.0,1012000.0,13,0.53,False,On plan
NX-00562,Europe,2025-05-01,2026-02-01,2026-02-01,11.8,1038400.0,519200.0,9,0.49,False,On plan
NX-00563,MENA,2025-05-01,2025-11-01,2025-12-01,106.4,8618400.0,4309200.0,6,0.91,False,On plan
NX-00564,MENA,2025-05-01,2026-01-01,2026-01-01,83.9,6795900.0,3397950.0,8,0.07,False,On plan
NX-00565,India,2025-05-01,2026-08-01,2026-09-01,8.8,624800.0,312400.0,15,0.76,False,On plan
NX-00566,India,2025-05-01,2026-05-01,2026-08-01,13.6,965600.0,482800.0,12,3.21,False,Slipped 2mo+
NX-00567,Australia/SEA,2025-05-01,2026-03-01,2026-05-01,12.8,1075200.0,537600.0,10,1.85,False,On plan
NX-00568,Australia/SEA,2025-05-01,2026-04-01,2026-06-01,6.4,537600.0,268800.0,11,1.84,False,On plan
NX-00569,LATAM,2025-05-01,2026-03-01,2026-07-01,19.3,1524700.0,762350.0,10,3.58,False,Slipped 2mo+
NX-00570,LATAM,2025-05-01,2026-06-01,2026-06-01,27.3,2156700.0,1078350.0,13,0.15,False,On plan
NX-00571,US / Canada,2025-06-01,2026-01-01,2026-01-01,18.7,1552100.0,776050.0,7,0.01,False,On plan
NX-00572,US / Canada,2025-06-01,2025-12-01,2026-04-01,12.1,1004300.0,502150.0,6,4.21,False,Slipped 2mo+
NX-00573,US / Canada,2025-06-01,2025-11-01,2025-11-01,29.8,2473400.0,1236700.0,5,0.04,False,On plan
NX-00574,US / Canada,2025-06-01,2025-11-01,2025-12-01,14.7,1220100.0,610050.0,5,0.94,False,On plan
NX-00575,US / Canada,2025-06-01,2026-01-01,2026-02-01,7.9,655700.0,327850.0,7,0.53,False,On plan
NX-00576,US / Canada,2025-06-01,2025-11-01,2025-11-01,13.1,1087300.0,543650.0,5,0.0,False,On plan
NX-00577,US / Canada,2025-06-01,2026-11-01,2027-01-01,11.6,962800.0,481400.0,17,1.9,False,On plan
NX-00578,US / Canada,2025-06-01,2026-01-01,2026-04-01,3.9,323700.0,161850.0,7,3.46,False,Slipped 2mo+
NX-00579,US / Canada,2025-06-01,2025-12-01,2025-12-01,6.7,556100.0,278050.0,6,0.0,False,On plan
NX-00580,US / Canada,2025-06-01,2025-11-01,2025-11-01,6.1,506300.0,253150.0,5,0.0,False,On plan
NX-00581,US / Canada,2025-06-01,2026-01-01,2026-01-01,6.5,539500.0,269750.0,7,0.0,False,On plan
NX-00582,US / Canada,2025-06-01,2026-02-01,2026-02-01,8.0,664000.0,332000.0,8,0.49,False,On plan
NX-00583,US / Canada,2025-06-01,2027-02-01,2027-02-01,2.8,232400.0,116200.0,20,0.09,False,On plan
NX-00584,US / Canada,2025-06-01,2025-11-01,2025-11-01,21.1,1751300.0000000002,875650.0000000001,5,0.13,False,On plan
NX-00585,US / Canada,2025-06-01,2026-10-01,2026-10-01,5.9,489700.00000000006,244850.00000000003,16,0.04,False,On plan
NX-00586,US / Canada,2025-06-01,2026-03-01,2026-03-01,6.4,531200.0,265600.0,9,0.02,False,On plan
NX-00587,US / Canada,2025-06-01,2027-04-01,2027-06-01,10.7,888099.9999999999,444049.99999999994,22,2.02,False,Slipped 2mo+
NX-00588,US / Canada,2025-06-01,2026-03-01,2026-03-01,4.1,340299.99999999994,170149.99999999997,9,0.45,False,On plan
NX-00589,US / Canada,2025-06-01,2025-11-01,2026-01-01,19.2,1593600.0,796800.0,5,1.89,False,On plan
NX-00590,US / Canada,2025-06-01,2025-12-01,2025-12-01,10.9,904700.0,452350.0,6,0.28,False,On plan
NX-00591,US / Canada,2025-06-01,2025-11-01,2025-11-01,25.5,2116500.0,1058250.0,5,0.01,False,On plan
NX-00592,US / Canada,2025-06-01,2025-11-01,2025-12-01,6.9,572700.0,286350.0,5,0.63,False,On plan
NX-00593,US / Canada,2025-06-01,2026-02-01,2026-02-01,30.5,2531500.0,1265750.0,8,0.01,False,On plan
NX-00594,US / Canada,2025-06-01,2026-02-01,2026-02-01,18.2,1510600.0,755300.0,8,0.0,False,On plan
NX-00595,Europe,2025-06-01,2026-01-01,2026-01-01,12.2,1073600.0,536800.0,7,0.08,False,On plan
NX-00596,Europe,2025-06-01,2026-02-01,2026-04-01,3.4,299200.0,149600.0,8,1.62,False,On plan
NX-00597,Europe,2025-06-01,2025-12-01,2026-01-01,13.4,1179200.0,589600.0,6,0.73,False,On plan
NX-00598,Europe,2025-06-01,2026-04-01,2026-05-01,9.9,871200.0,435600.0,10,0.6,False,On plan
NX-00599,MENA,2025-06-01,2025-11-01,,42.6,3450600.0,1725300.0,5,6.11,True,Cancelled
NX-00600,MENA,2025-06-01,2025-11-01,2025-11-01,15.5,1255500.0,627750.0,5,0.09,False,On plan
NX-00601,India,2025-06-01,2025-11-01,2025-11-01,11.8,837800.0,418900.0,5,0.36,False,On plan
NX-00602,Australia/SEA,2025-06-01,2025-11-01,2026-01-01,7.9,663600.0,331800.0,5,1.77,False,On plan
NX-00603,Australia/SEA,2025-06-01,2025-11-01,2025-12-01,8.4,705600.0,352800.0,5,0.78,False,On plan
NX-00604,Australia/SEA,2025-06-01,2026-03-01,2026-07-01,26.4,2217600.0,1108800.0,9,3.54,False,Slipped 2mo+
NX-00605,LATAM,2025-06-01,2026-01-01,2026-05-01,34.3,2709700.0,1354850.0,7,3.61,False,Slipped 2mo+
NX-00606,LATAM,2025-06-01,2026-02-01,2026-02-01,10.9,861100.0,430550.0,8,0.25,False,On plan
NX-00607,LATAM,2025-06-01,2025-12-01,2025-12-01,5.5,434500.0,217250.0,6,0.24,False,On plan
NX-00608,US / Canada,2025-07-01,2026-08-01,2027-01-01,22.2,1842600.0,921300.0,13,5.14,False,Slipped 2mo+
NX-00609,US / Canada,2025-07-01,2026-04-01,2026-04-01,15.7,1303100.0,651550.0,9,0.01,False,On plan
NX-00610,US / Canada,2025-07-01,2026-06-01,2026-08-01,13.3,1103900.0,551950.0,11,1.62,False,On plan
NX-00611,US / Canada,2025-07-01,2027-05-01,2027-05-01,5.5,456500.0,228250.0,22,0.01,False,On plan
NX-00612,US / Canada,2025-07-01,2026-02-01,2026-03-01,8.7,722099.9999999999,361049.99999999994,7,1.12,False,On plan
NX-00613,US / Canada,2025-07-01,2026-05-01,2026-05-01,4.1,340299.99999999994,170149.99999999997,10,0.0,False,On plan
NX-00614,US / Canada,2025-07-01,2026-07-01,2026-08-01,5.5,456500.0,228250.0,12,1.37,False,On plan
NX-00615,US / Canada,2025-07-01,2026-03-01,2026-03-01,32.5,2697500.0,1348750.0,8,0.03,False,On plan
NX-00616,US / Canada,2025-07-01,2025-12-01,2026-04-01,28.9,2398700.0,1199350.0,5,3.64,False,Slipped 2mo+
NX-00617,US / Canada,2025-07-01,2025-12-01,2025-12-01,16.0,1328000.0,664000.0,5,0.01,False,On plan
NX-00618,US / Canada,2025-07-01,2026-05-01,2026-07-01,12.7,1054100.0,527050.0,10,2.28,False,Slipped 2mo+
NX-00619,US / Canada,2025-07-01,2025-12-01,2025-12-01,11.5,954500.0,477250.0,5,0.1,False,On plan
NX-00620,US / Canada,2025-07-01,2026-04-01,2026-04-01,5.6,464800.0,232400.0,9,0.32,False,On plan
NX-00621,US / Canada,2025-07-01,2026-02-01,2026-02-01,13.3,1103900.0,551950.0,7,0.07,False,On plan
NX-00622,US / Canada,2025-07-01,2026-07-01,2026-07-01,16.5,1369500.0,684750.0,12,0.15,False,On plan
NX-00623,US / Canada,2025-07-01,2025-12-01,2025-12-01,17.8,1477400.0,738700.0,5,0.0,False,On plan
NX-00624,US / Canada,2025-07-01,2026-02-01,2026-03-01,11.8,979400.0,489700.0,7,0.66,False,On plan
NX-00625,US / Canada,2025-07-01,2025-12-01,2026-01-01,12.6,1045800.0,522900.0,5,0.64,False,On plan
NX-00626,US / Canada,2025-07-01,2025-12-01,2025-12-01,11.4,946200.0,473100.0,5,0.19,False,On plan
NX-00627,US / Canada,2025-07-01,2025-12-01,2025-12-01,16.9,1402699.9999999998,701349.9999999999,5,0.06,False,On plan
NX-00628,US / Canada,2025-07-01,2026-09-01,2026-09-01,7.8,647400.0,323700.0,14,0.0,False,On plan
NX-00629,US / Canada,2025-07-01,2027-03-01,2027-03-01,8.2,680599.9999999999,340299.99999999994,20,0.0,False,On plan
NX-00630,US / Canada,2025-07-01,2026-01-01,2026-01-01,51.5,4274500.0,2137250.0,6,0.01,False,On plan
NX-00631,Europe,2025-07-01,2026-01-01,2026-02-01,12.5,1100000.0,550000.0,6,0.66,False,On plan
NX-00632,Europe,2025-07-01,2026-02-01,2026-06-01,17.2,1513600.0,756800.0,7,3.82,False,Slipped 2mo+
NX-00633,Europe,2025-07-01,2026-03-01,2026-05-01,10.5,924000.0,462000.0,8,2.06,False,Slipped 2mo+
NX-00634,Europe,2025-07-01,2025-12-01,2026-01-01,43.3,3810400.0,1905200.0,5,0.96,False,On plan
NX-00635,MENA,2025-07-01,2027-03-01,2027-09-01,8.3,672300.0,336150.0,20,5.75,False,Slipped 2mo+
NX-00636,MENA,2025-07-01,2025-12-01,2025-12-01,52.1,4220100.0,2110050.0,5,0.07,False,On plan
NX-00637,MENA,2025-07-01,2026-06-01,2026-06-01,12.2,988200.0,494100.0,11,0.23,False,On plan
NX-00638,MENA,2025-07-01,2026-04-01,,34.7,2810700.0,1405350.0,9,0.13,True,Cancelled
NX-00639,Australia/SEA,2025-07-01,2026-04-01,2026-08-01,31.7,2662800.0,1331400.0,9,4.27,False,Slipped 2mo+
NX-00640,Australia/SEA,2025-07-01,2026-10-01,2026-10-01,96.2,8080800.0,4040400.0,15,0.19,False,On plan
NX-00641,Australia/SEA,2025-07-01,2026-02-01,2026-02-01,11.0,924000.0,462000.0,7,0.43,False,On plan
NX-00642,LATAM,2025-07-01,2027-07-01,2027-07-01,30.5,2409500.0,1204750.0,24,0.0,False,On plan
NX-00643,LATAM,2025-07-01,2026-04-01,2026-09-01,21.9,1730100.0,865050.0,9,4.52,False,Slipped 2mo+
NX-00644,LATAM,2025-07-01,2025-12-01,2026-11-01,23.3,1840700.0,920350.0,5,11.21,False,Slipped 2mo+
NX-00645,US / Canada,2025-08-01,2026-01-01,2026-02-01,20.6,1709800.0000000002,854900.0000000001,5,1.37,False,On plan
NX-00646,US / Canada,2025-08-01,2026-01-01,2026-03-01,22.6,1875800.0,937900.0,5,2.31,False,Slipped 2mo+
NX-00647,US / Canada,2025-08-01,2026-01-01,2026-02-01,6.8,564400.0,282200.0,5,1.14,False,On plan
NX-00648,US / Canada,2025-08-01,2027-05-01,2027-05-01,19.3,1601900.0,800950.0,21,0.41,False,On plan
NX-00649,US / Canada,2025-08-01,2026-04-01,,11.3,937900.0,468950.0,8,0.03,True,Cancelled
NX-00650,US / Canada,2025-08-01,2026-07-01,2026-07-01,13.3,1103900.0,551950.0,11,0.05,False,On plan
NX-00651,US / Canada,2025-08-01,2026-06-01,2026-06-01,42.0,3486000.0,1743000.0,10,0.01,False,On plan
NX-00652,US / Canada,2025-08-01,2026-09-01,2026-09-01,18.3,1518900.0,759450.0,13,0.06,False,On plan
NX-00653,US / Canada,2025-08-01,2026-03-01,2026-03-01,28.1,2332300.0,1166150.0,7,0.03,False,On plan
NX-00654,US / Canada,2025-08-01,2026-01-01,2026-02-01,11.0,913000.0,456500.0,5,1.46,False,On plan
NX-00655,US / Canada,2025-08-01,2026-11-01,2026-11-01,19.7,1635100.0,817550.0,15,0.17,False,On plan
NX-00656,US / Canada,2025-08-01,2026-03-01,2026-03-01,9.1,755300.0,377650.0,7,0.07,False,On plan
NX-00657,US / Canada,2025-08-01,2027-03-01,2027-03-01,11.0,913000.0,456500.0,19,0.0,False,On plan
NX-00658,US / Canada,2025-08-01,2026-05-01,2026-05-01,23.9,1983700.0,991850.0,9,0.0,False,On plan
NX-00659,US / Canada,2025-08-01,2026-02-01,2026-03-01,23.6,1958800.0,979400.0,6,0.74,False,On plan
NX-00660,US / Canada,2025-08-01,2026-04-01,2026-04-01,55.1,4573300.0,2286650.0,8,0.47,False,On plan
NX-00661,US / Canada,2025-08-01,2026-01-01,2026-01-01,16.6,1377800.0000000002,688900.0000000001,5,0.14,False,On plan
NX-00662,US / Canada,2025-08-01,2026-02-01,,14.1,1170300.0,585150.0,6,0.04,True,Cancelled
NX-00663,US / Canada,2025-08-01,2026-01-01,2026-01-01,81.5,6764500.0,3382250.0,5,0.06,False,On plan
NX-00664,US / Canada,2025-08-01,2026-01-01,2026-02-01,6.5,539500.0,269750.0,5,0.81,False,On plan
NX-00665,US / Canada,2025-08-01,2026-08-01,2026-08-01,15.3,1269900.0,634950.0,12,0.0,False,On plan
NX-00666,US / Canada,2025-08-01,2026-05-01,2026-06-01,16.8,1394400.0,697200.0,9,0.64,False,On plan
NX-00667,US / Canada,2025-08-01,2026-01-01,2026-01-01,14.5,1203500.0,601750.0,5,0.0,False,On plan
NX-00668,US / Canada,2025-08-01,2026-01-01,2026-01-01,14.2,1178600.0,589300.0,5,0.0,False,On plan
NX-00669,US / Canada,2025-08-01,2026-01-01,2026-01-01,18.4,1527199.9999999998,763599.9999999999,5,0.01,False,On plan
NX-00670,US / Canada,2025-08-01,2026-10-01,2026-10-01,29.8,2473400.0,1236700.0,14,0.14,False,On plan
NX-00671,US / Canada,2025-08-01,2026-06-01,2026-09-01,16.9,1402699.9999999998,701349.9999999999,10,2.65,False,Slipped 2mo+
NX-00672,US / Canada,2025-08-01,2026-10-01,2026-11-01,49.1,4075300.0,2037650.0,14,0.54,False,On plan
NX-00673,Europe,2025-08-01,2026-09-01,2026-10-01,7.4,651200.0,325600.0,13,0.98,False,On plan
NX-00674,Europe,2025-08-01,2026-01-01,2026-02-01,10.7,941600.0,470800.0,5,0.53,False,On plan
NX-00675,Europe,2025-08-01,2026-04-01,2026-04-01,6.1,536800.0,268400.0,8,0.07,False,On plan
NX-00676,Europe,2025-08-01,2026-01-01,2026-02-01,7.7,677600.0,338800.0,5,0.51,False,On plan
NX-00677,MENA,2025-08-01,2026-01-01,2026-05-01,11.8,955800.0,477900.0,5,4.44,False,Slipped 2mo+
NX-00678,India,2025-08-01,2026-04-01,2026-04-01,39.3,2790300.0,1395150.0,8,0.05,False,On plan
NX-00679,India,2025-08-01,2026-03-01,2026-05-01,8.9,631900.0,315950.0,7,1.55,False,On plan
NX-00680,LATAM,2025-08-01,2026-07-01,2026-07-01,19.5,1540500.0,770250.0,11,0.31,False,On plan
NX-00681,LATAM,2025-08-01,2026-01-01,2026-01-01,5.8,458200.0,229100.0,5,0.21,False,On plan
NX-00682,LATAM,2025-08-01,2026-12-01,2027-05-01,23.2,1832800.0,916400.0,16,4.51,False,Slipped 2mo+
NX-00683,LATAM,2025-08-01,2026-10-01,,16.9,1335100.0,667550.0,14,0.37,True,Cancelled
NX-00684,US / Canada,2025-09-01,2026-04-01,2026-06-01,3.6,298800.0,149400.0,7,2.09,False,Slipped 2mo+
NX-00685,US / Canada,2025-09-01,2026-04-01,2026-04-01,16.5,1369500.0,684750.0,7,0.27,False,On plan
NX-00686,US / Canada,2025-09-01,2026-02-01,2026-02-01,11.5,954500.0,477250.0,5,0.2,False,On plan
NX-00687,US / Canada,2025-09-01,2026-06-01,2026-07-01,24.2,2008600.0,1004300.0,9,1.35,False,On plan
NX-00688,US / Canada,2025-09-01,2026-02-01,2026-02-01,20.2,1676600.0,838300.0,5,0.02,False,On plan
NX-00689,US / Canada,2025-09-01,2026-02-01,2026-03-01,22.4,1859200.0,929600.0,5,0.64,False,On plan
NX-00690,US / Canada,2025-09-01,2026-02-01,2026-02-01,10.0,830000.0,415000.0,5,0.0,False,On plan
NX-00691,US / Canada,2025-09-01,2026-05-01,2026-05-01,22.7,1884100.0,942050.0,8,0.37,False,On plan
NX-00692,US / Canada,2025-09-01,2026-02-01,2026-04-01,36.4,3021200.0,1510600.0,5,1.86,False,On plan
NX-00693,US / Canada,2025-09-01,2027-02-01,2027-02-01,13.8,1145400.0,572700.0,17,0.23,False,On plan
NX-00694,US / Canada,2025-09-01,2026-11-01,2026-12-01,49.6,4116800.0,2058400.0,14,1.23,False,On plan
NX-00695,US / Canada,2025-09-01,2026-10-01,2026-10-01,17.2,1427600.0,713800.0,13,0.0,False,On plan
NX-00696,US / Canada,2025-09-01,2026-11-01,2026-12-01,18.2,1510600.0,755300.0,14,0.97,False,On plan
NX-00697,US / Canada,2025-09-01,2026-04-01,2026-05-01,25.1,2083300.0,1041650.0,7,1.0,False,On plan
NX-00698,US / Canada,2025-09-01,2026-02-01,2026-02-01,17.6,1460800.0000000002,730400.0000000001,5,0.07,False,On plan
NX-00699,US / Canada,2025-09-01,2026-03-01,2026-03-01,12.8,1062400.0,531200.0,6,0.0,False,On plan
NX-00700,US / Canada,2025-09-01,2026-06-01,2026-06-01,22.2,1842600.0,921300.0,9,0.23,False,On plan
NX-00701,US / Canada,2025-09-01,2026-10-01,2026-10-01,10.5,871500.0,435750.0,13,0.02,False,On plan
NX-00702,US / Canada,2025-09-01,2027-01-01,2027-01-01,22.3,1850900.0,925450.0,16,0.08,False,On plan
NX-00703,US / Canada,2025-09-01,2026-11-01,2026-11-01,7.9,655700.0,327850.0,14,0.1,False,On plan
NX-00704,Europe,2025-09-01,2026-05-01,2026-05-01,50.7,4461600.0,2230800.0,8,0.27,False,On plan
NX-00705,Europe,2025-09-01,2026-02-01,2026-08-01,27.0,2376000.0,1188000.0,5,6.49,False,Slipped 2mo+
NX-00706,Europe,2025-09-01,2026-08-01,2026-08-01,7.3,642400.0,321200.0,11,0.04,False,On plan
NX-00707,Europe,2025-09-01,2026-09-01,2026-10-01,9.5,836000.0,418000.0,12,0.66,False,On plan
NX-00708,Europe,2025-09-01,2026-02-01,2026-02-01,6.2,545600.0,272800.0,5,0.21,False,On plan
NX-00709,Europe,2025-09-01,2026-12-01,2027-01-01,38.9,3423200.0,1711600.0,15,0.88,False,On plan
NX-00710,MENA,2025-09-01,2026-09-01,2026-09-01,6.6,534600.0,267300.0,12,0.1,False,On plan
NX-00711,MENA,2025-09-01,2026-03-01,2026-09-01,8.3,672300.0,336150.0,6,5.68,False,Slipped 2mo+
NX-00712,MENA,2025-09-01,2026-02-01,2026-02-01,11.5,931500.0,465750.0,5,0.18,False,On plan
NX-00713,India,2025-09-01,2026-04-01,2026-11-01,49.5,3514500.0,1757250.0,7,7.05,False,Slipped 2mo+
NX-00714,India,2025-09-01,2026-12-01,2027-02-01,22.1,1569100.0,784550.0,15,2.25,False,Slipped 2mo+
NX-00715,Australia/SEA,2025-09-01,2026-02-01,2026-02-01,8.6,722400.0,361200.0,5,0.0,False,On plan
NX-00716,Australia/SEA,2025-09-01,2026-03-01,2026-05-01,19.3,1621200.0,810600.0,6,1.59,False,On plan
NX-00717,LATAM,2025-09-01,2026-06-01,2026-08-01,16.4,1295600.0,647800.0,9,1.74,False,On plan
NX-00718,LATAM,2025-09-01,2026-12-01,2026-12-01,10.0,790000.0,395000.0,15,0.23,False,On plan
NX-00719,LATAM,2025-09-01,2026-02-01,2026-02-01,22.7,1793300.0,896650.0,5,0.02,False,On plan
NX-00720,LATAM,2025-09-01,2026-02-01,2026-05-01,8.3,655700.0,327850.0,5,2.85,False,Slipped 2mo+
NX-00721,US / Canada,2025-10-01,2026-05-01,,4.2,348600.0,174300.0,7,0.0,True,Cancelled
NX-00722,US / Canada,2025-10-01,2026-10-01,2026-10-01,12.1,1004300.0,502150.0,12,0.3,False,On plan
NX-00723,US / Canada,2025-10-01,2026-04-01,2027-01-01,8.8,730400.0000000001,365200.00000000006,6,8.63,False,Slipped 2mo+
NX-00724,US / Canada,2025-10-01,2026-03-01,2026-03-01,6.0,498000.0,249000.0,5,0.01,False,On plan
NX-00725,US / Canada,2025-10-01,2026-04-01,2026-04-01,21.3,1767900.0,883950.0,6,0.2,False,On plan
NX-00726,US / Canada,2025-10-01,2026-04-01,2026-04-01,19.5,1618500.0,809250.0,6,0.16,False,On plan
NX-00727,US / Canada,2025-10-01,2026-12-01,2027-02-01,3.8,315400.0,157700.0,14,1.75,False,On plan
NX-00728,US / Canada,2025-10-01,2026-09-01,2026-09-01,10.7,888099.9999999999,444049.99999999994,11,0.0,False,On plan
NX-00729,US / Canada,2025-10-01,2026-09-01,2026-09-01,13.6,1128800.0,564400.0,11,0.0,False,On plan
NX-00730,US / Canada,2025-10-01,2026-03-01,2026-03-01,34.7,2880100.0000000005,1440050.0000000002,5,0.25,False,On plan
NX-00731,US / Canada,2025-10-01,2026-05-01,2026-05-01,26.7,2216100.0,1108050.0,7,0.08,False,On plan
NX-00732,US / Canada,2025-10-01,2026-11-01,2026-11-01,13.4,1112200.0,556100.0,13,0.0,False,On plan
NX-00733,US / Canada,2025-10-01,2026-10-01,2026-10-01,13.0,1079000.0,539500.0,12,0.0,False,On plan
NX-00734,US / Canada,2025-10-01,2027-02-01,2027-02-01,4.5,373500.0,186750.0,16,0.01,False,On plan
NX-00735,US / Canada,2025-10-01,2026-03-01,2026-03-01,4.1,340299.99999999994,170149.99999999997,5,0.04,False,On plan
NX-00736,US / Canada,2025-10-01,2026-03-01,2026-03-01,69.1,5735299.999999999,2867649.9999999995,5,0.0,False,On plan
NX-00737,US / Canada,2025-10-01,2026-03-01,2026-03-01,8.7,722099.9999999999,361049.99999999994,5,0.13,False,On plan
NX-00738,US / Canada,2025-10-01,2026-04-01,2026-04-01,45.3,3759900.0,1879950.0,6,0.0,False,On plan
NX-00739,US / Canada,2025-10-01,2026-08-01,2026-08-01,12.0,996000.0,498000.0,10,0.04,False,On plan
NX-00740,US / Canada,2025-10-01,2026-03-01,2026-03-01,1.4,116200.0,58100.0,5,0.0,False,On plan
NX-00741,US / Canada,2025-10-01,2026-03-01,2026-03-01,18.0,1494000.0,747000.0,5,0.0,False,On plan
NX-00742,US / Canada,2025-10-01,2026-06-01,2026-06-01,9.6,796800.0,398400.0,8,0.01,False,On plan
NX-00743,US / Canada,2025-10-01,2026-06-01,2026-06-01,24.8,2058400.0,1029200.0,8,0.46,False,On plan
NX-00744,US / Canada,2025-10-01,2026-03-01,2026-03-01,42.4,3519200.0,1759600.0,5,0.0,False,On plan
NX-00745,US / Canada,2025-10-01,2026-05-01,2026-09-01,19.5,1618500.0,809250.0,7,4.32,False,Slipped 2mo+
NX-00746,US / Canada,2025-10-01,2026-03-01,2026-07-01,3.1,257300.0,128650.0,5,3.9,False,Slipped 2mo+
NX-00747,US / Canada,2025-10-01,2026-03-01,2026-03-01,5.4,448200.00000000006,224100.00000000003,5,0.1,False,On plan
NX-00748,US / Canada,2025-10-01,2026-03-01,2026-03-01,26.3,2182900.0,1091450.0,5,0.0,False,On plan
NX-00749,US / Canada,2025-10-01,2026-08-01,2026-08-01,8.1,672300.0,336150.0,10,0.06,False,On plan
NX-00750,US / Canada,2025-10-01,2026-06-01,2026-11-01,7.3,605900.0,302950.0,8,5.08,False,Slipped 2mo+
NX-00751,Europe,2025-10-01,2026-03-01,2026-04-01,4.9,431200.00000000006,215600.00000000003,5,1.32,False,On plan
NX-00752,Europe,2025-10-01,2026-03-01,2026-03-01,9.1,800800.0,400400.0,5,0.03,False,On plan
NX-00753,MENA,2025-10-01,2026-03-01,2026-03-01,5.1,413100.0,206550.0,5,0.18,False,On plan
NX-00754,MENA,2025-10-01,2026-03-01,,28.6,2316600.0,1158300.0,5,0.33,True,Cancelled
NX-00755,India,2025-10-01,2026-03-01,,7.8,553800.0,276900.0,5,0.03,True,Cancelled
NX-00756,India,2025-10-01,2026-04-01,2026-05-01,9.9,702900.0,351450.0,6,1.18,False,On plan
NX-00757,India,2025-10-01,2026-03-01,2026-10-01,6.3,447300.0,223650.0,5,7.25,False,Slipped 2mo+
NX-00758,Australia/SEA,2025-10-01,2026-03-01,2026-06-01,9.6,806400.0,403200.0,5,2.87,False,Slipped 2mo+
NX-00759,LATAM,2025-10-01,2026-04-01,2026-04-01,11.2,884800.0,442400.0,6,0.0,False,On plan
NX-00760,LATAM,2025-10-01,2026-03-01,2027-04-01,48.7,3847300.0,1923650.0,5,12.83,False,Slipped 2mo+
NX-00761,LATAM,2025-10-01,2026-06-01,2026-07-01,18.5,1461500.0,730750.0,8,1.04,False,On plan
NX-00762,US / Canada,2025-11-01,2026-12-01,2026-12-01,15.1,1253300.0,626650.0,13,0.0,False,On plan
NX-00763,US / Canada,2025-11-01,2026-07-01,2026-07-01,1.8,149400.0,74700.0,8,0.04,False,On plan
NX-00764,US / Canada,2025-11-01,2026-06-01,2026-06-01,4.4,365200.00000000006,182600.00000000003,7,0.22,False,On plan
NX-00765,US / Canada,2025-11-01,2026-12-01,2026-12-01,12.6,1045800.0,522900.0,13,0.14,False,On plan
NX-00766,US / Canada,2025-11-01,2026-06-01,2026-07-01,10.2,846599.9999999999,423299.99999999994,7,0.6,False,On plan
NX-00767,US / Canada,2025-11-01,2026-04-01,2026-06-01,47.1,3909300.0,1954650.0,5,2.19,False,Slipped 2mo+
NX-00768,US / Canada,2025-11-01,2027-05-01,2027-08-01,4.8,398400.0,199200.0,18,3.07,False,Slipped 2mo+
NX-00769,US / Canada,2025-11-01,2026-09-01,2026-10-01,51.5,4274500.0,2137250.0,10,1.22,False,On plan
NX-00770,US / Canada,2025-11-01,2026-07-01,2026-07-01,213.0,17679000.0,8839500.0,8,0.0,False,On plan
NX-00771,US / Canada,2025-11-01,2027-02-01,2027-03-01,22.6,1875800.0,937900.0,15,0.62,False,On plan
NX-00772,US / Canada,2025-11-01,2027-03-01,2027-03-01,1.9,157700.0,78850.0,16,0.17,False,On plan
NX-00773,US / Canada,2025-11-01,2026-11-01,2026-11-01,11.4,946200.0,473100.0,12,0.02,False,On plan
NX-00774,US / Canada,2025-11-01,2026-09-01,2026-10-01,3.9,323700.0,161850.0,10,0.78,False,On plan
NX-00775,US / Canada,2025-11-01,2026-08-01,2026-09-01,10.2,846599.9999999999,423299.99999999994,9,0.92,False,On plan
NX-00776,US / Canada,2025-11-01,2026-04-01,2026-05-01,7.8,647400.0,323700.0,5,0.63,False,On plan
NX-00777,US / Canada,2025-11-01,2026-05-01,2026-08-01,7.5,622500.0,311250.0,6,3.3,False,Slipped 2mo+
NX-00778,US / Canada,2025-11-01,2026-06-01,2026-07-01,6.7,556100.0,278050.0,7,0.51,False,On plan
NX-00779,US / Canada,2025-11-01,2026-06-01,2026-06-01,15.9,1319700.0,659850.0,7,0.06,False,On plan
NX-00780,US / Canada,2025-11-01,2026-04-01,2026-05-01,3.1,257300.0,128650.0,5,1.4,False,On plan
NX-00781,US / Canada,2025-11-01,2026-04-01,2026-04-01,103.6,8598800.0,4299400.0,5,0.0,False,On plan
NX-00782,US / Canada,2025-11-01,2026-11-01,2027-04-01,14.4,1195200.0,597600.0,12,5.38,False,Slipped 2mo+
NX-00783,US / Canada,2025-11-01,2026-05-01,2026-05-01,3.8,315400.0,157700.0,6,0.02,False,On plan
NX-00784,US / Canada,2025-11-01,2026-05-01,2026-05-01,21.3,1767900.0,883950.0,6,0.17,False,On plan
NX-00785,US / Canada,2025-11-01,2026-07-01,2026-07-01,11.4,946200.0,473100.0,8,0.02,False,On plan
NX-00786,US / Canada,2025-11-01,2026-07-01,2026-07-01,29.2,2423600.0,1211800.0,8,0.17,False,On plan
NX-00787,US / Canada,2025-11-01,2026-07-01,2026-07-01,9.6,796800.0,398400.0,8,0.1,False,On plan
NX-00788,US / Canada,2025-11-01,2026-04-01,2026-04-01,4.9,406700.00000000006,203350.00000000003,5,0.01,False,On plan
NX-00789,US / Canada,2025-11-01,2026-04-01,2026-04-01,27.0,2241000.0,1120500.0,5,0.26,False,On plan
NX-00790,US / Canada,2025-11-01,2026-04-01,2026-12-01,6.2,514600.0,257300.0,5,8.09,False,Slipped 2mo+
NX-00791,US / Canada,2025-11-01,2026-04-01,2026-04-01,6.4,531200.0,265600.0,5,0.04,False,On plan
NX-00792,US / Canada,2025-11-01,2026-08-01,2026-08-01,14.3,1186900.0,593450.0,9,0.3,False,On plan
NX-00793,US / Canada,2025-11-01,2027-02-01,2027-02-01,6.1,506300.0,253150.0,15,0.03,False,On plan
NX-00794,US / Canada,2025-11-01,2026-08-01,2026-08-01,20.2,1676600.0,838300.0,9,0.01,False,On plan
NX-00795,US / Canada,2025-11-01,2027-01-01,,27.7,2299100.0,1149550.0,14,0.37,True,Cancelled
NX-00796,US / Canada,2025-11-01,2027-02-01,2027-02-01,4.4,365200.00000000006,182600.00000000003,15,0.01,False,On plan
NX-00797,US / Canada,2025-11-01,2026-04-01,2026-05-01,18.3,1518900.0,759450.0,5,0.59,False,On plan
NX-00798,Europe,2025-11-01,2026-06-01,2026-08-01,23.3,2050400.0,1025200.0,7,2.11,False,Slipped 2mo+
NX-00799,Europe,2025-11-01,2026-04-01,2026-05-01,57.2,5033600.0,2516800.0,5,0.69,False,On plan
NX-00800,Europe,2025-11-01,2026-09-01,2026-12-01,10.7,941600.0,470800.0,10,3.36,False,Slipped 2mo+
NX-00801,Europe,2025-11-01,2026-11-01,2026-12-01,11.8,1038400.0,519200.0,12,1.17,False,On plan
NX-00802,MENA,2025-11-01,2026-07-01,2027-03-01,3.6,291600.0,145800.0,8,7.6,False,Slipped 2mo+
NX-00803,India,2025-11-01,2027-11-01,2028-03-01,6.0,426000.0,213000.0,24,4.21,False,Slipped 2mo+
NX-00804,India,2025-11-01,2026-12-01,2026-12-01,11.1,788100.0,394050.0,13,0.19,False,On plan
NX-00805,India,2025-11-01,2026-05-01,2028-01-01,14.0,994000.0,497000.0,6,20.46,False,Slipped 2mo+
NX-00806,Australia/SEA,2025-11-01,2026-04-01,2026-08-01,19.2,1612800.0,806400.0,5,4.12,False,Slipped 2mo+
NX-00807,Australia/SEA,2025-11-01,2026-10-01,2026-12-01,15.0,1260000.0,630000.0,11,1.62,False,On plan
NX-00808,LATAM,2025-11-01,2026-04-01,2026-05-01,20.0,1580000.0,790000.0,5,0.52,False,On plan
NX-00809,LATAM,2025-11-01,2026-05-01,2026-11-01,7.8,616200.0,308100.0,6,5.9,False,Slipped 2mo+
NX-00810,LATAM,2025-11-01,2026-07-01,2026-08-01,11.8,932200.0,466100.0,8,1.01,False,On plan
NX-00811,LATAM,2025-11-01,2026-11-01,2026-11-01,6.6,521400.0,260700.0,12,0.0,False,On plan
NX-00812,LATAM,2025-11-01,2026-04-01,2026-04-01,13.7,1082300.0,541150.0,5,0.39,False,On plan
NX-00813,LATAM,2025-11-01,2026-10-01,2026-10-01,14.4,1137600.0,568800.0,11,0.44,False,On plan
NX-00814,US / Canada,2025-12-01,2026-06-01,2026-06-01,5.3,439900.0,219950.0,6,0.08,False,On plan
NX-00815,US / Canada,2025-12-01,2027-02-01,2027-02-01,19.2,1593600.0,796800.0,14,0.05,False,On plan
NX-00816,US / Canada,2025-12-01,2027-04-01,2027-04-01,8.0,664000.0,332000.0,16,0.0,False,On plan
NX-00817,US / Canada,2025-12-01,2026-07-01,2026-09-01,37.7,3129100.0000000005,1564550.0000000002,7,2.19,False,Slipped 2mo+
NX-00818,US / Canada,2025-12-01,2026-05-01,2026-05-01,49.4,4100200.0,2050100.0,5,0.0,False,On plan
NX-00819,US / Canada,2025-12-01,2026-05-01,2026-05-01,13.7,1137100.0,568550.0,5,0.0,False,On plan
NX-00820,US / Canada,2025-12-01,2026-07-01,2026-10-01,19.9,1651699.9999999998,825849.9999999999,7,2.57,False,Slipped 2mo+
NX-00821,US / Canada,2025-12-01,2026-05-01,2026-05-01,10.1,838300.0,419150.0,5,0.0,False,On plan
NX-00822,US / Canada,2025-12-01,2026-05-01,2026-05-01,6.7,556100.0,278050.0,5,0.0,False,On plan
NX-00823,US / Canada,2025-12-01,2026-05-01,2026-05-01,8.8,730400.0000000001,365200.00000000006,5,0.03,False,On plan
NX-00824,US / Canada,2025-12-01,2026-09-01,2026-09-01,8.1,672300.0,336150.0,9,0.14,False,On plan
NX-00825,US / Canada,2025-12-01,2026-08-01,2026-09-01,7.7,639100.0,319550.0,8,0.74,False,On plan
NX-00826,US / Canada,2025-12-01,2026-11-01,2026-11-01,10.4,863200.0,431600.0,11,0.3,False,On plan
NX-00827,US / Canada,2025-12-01,2026-05-01,2026-06-01,42.5,3527500.0,1763750.0,5,1.42,False,On plan
NX-00828,US / Canada,2025-12-01,2026-05-01,2026-05-01,22.4,1859200.0,929600.0,5,0.01,False,On plan
NX-00829,US / Canada,2025-12-01,2026-05-01,2026-05-01,26.4,2191200.0,1095600.0,5,0.47,False,On plan
NX-00830,US / Canada,2025-12-01,2026-12-01,2026-12-01,12.9,1070700.0,535350.0,12,0.01,False,On plan
NX-00831,US / Canada,2025-12-01,2026-05-01,2026-05-01,4.9,406700.00000000006,203350.00000000003,5,0.16,False,On plan
NX-00832,US / Canada,2025-12-01,2026-05-01,2026-05-01,102.3,8490900.0,4245450.0,5,0.17,False,On plan
NX-00833,US / Canada,2025-12-01,2026-06-01,2026-06-01,27.1,2249300.0,1124650.0,6,0.0,False,On plan
NX-00834,US / Canada,2025-12-01,2026-07-01,2026-07-01,8.4,697200.0,348600.0,7,0.01,False,On plan
NX-00835,Europe,2025-12-01,2026-05-01,2026-05-01,5.4,475200.00000000006,237600.00000000003,5,0.0,False,On plan
NX-00836,Europe,2025-12-01,2026-09-01,2026-09-01,29.3,2578400.0,1289200.0,9,0.05,False,On plan
NX-00837,Europe,2025-12-01,2026-11-01,2026-12-01,10.9,959200.0,479600.0,11,0.54,False,On plan
NX-00838,Europe,2025-12-01,2026-05-01,2026-05-01,11.9,1047200.0,523600.0,5,0.0,False,On plan
NX-00839,Europe,2025-12-01,2026-06-01,2026-06-01,17.6,1548800.0000000002,774400.0000000001,6,0.0,False,On plan
NX-00840,MENA,2025-12-01,2026-05-01,2026-10-01,12.8,1036800.0,518400.0,5,4.56,False,Slipped 2mo+
NX-00841,MENA,2025-12-01,2026-10-01,2026-12-01,19.8,1603800.0,801900.0,10,2.05,False,Slipped 2mo+
NX-00842,MENA,2025-12-01,2026-08-01,2026-09-01,5.8,469800.0,234900.0,8,0.83,False,On plan
NX-00843,India,2025-12-01,2026-10-01,2027-08-01,3.5,248500.0,124250.0,10,10.21,False,Slipped 2mo+
NX-00844,India,2025-12-01,2026-05-01,2027-11-01,14.8,1050800.0,525400.0,5,18.43,False,Slipped 2mo+
NX-00845,LATAM,2025-12-01,2026-05-01,2026-05-01,5.1,402900.0,201450.0,5,0.0,False,On plan
NX-00846,LATAM,2025-12-01,2026-05-01,2026-08-01,9.9,782100.0,391050.0,5,3.32,False,Slipped 2mo+
NX-00847,LATAM,2025-12-01,2026-07-01,2026-08-01,57.1,4510900.0,2255450.0,7,1.03,False,On plan
NX-00848,LATAM,2025-12-01,2026-09-01,2026-12-01,65.6,5182400.0,2591200.0,9,2.91,False,Slipped 2mo+
